:020000040800F2
:1000000078100020B902000855670008B1470008C1
:1000100049670008BD0700083D9300080000000084
:10002000000000000000000000000000858D0008B6
:100030000F0D000800000000258C0008878D0008C7
:10004000D3020008D3020008D3020008D30200083C
:10005000D3020008D3020008D3020008D30200082C
:10006000D3020008D3020008D3020008250C0008C0
:10007000310C0008D3020008D3020008D3020008A4
:10008000D3020008D3020008BD050008D30200080F
:10009000D3020008D3020008D3020008D3020008EC
:1000A000D3020008D3020008D3020008D3020008DC
:1000B000D3020008D3020008D3020008D3020008CC
:1000C000D3020008D3020008D3020008D3020008BC
:1000D000D3020008D3020008D3020008D3020008AC
:1000E000D3020008D3020008D3020008D30200089C
:1000F000D3020008D3020008D3020008D905000883
:10010000D3020008D3020008D3020008D30200087B
:10011000D3020008D3020008D3020008D30200086B
:100120003D0C0008490C0008550C0008D3020008DB
:10013000D3020008E5050008F1050008D302000815
:10014000D3020008D3020008D3020008D30200083B
:10015000D3020008D3020008D3020008D30200082B
:10016000D302000835410008D3020008D30200087A
:10017000D3020008D3020008D3020008D30200080B
:10018000D3020008D3020008D3020008D3020008FB
:10019000D302000800000000D3020008D3020008C8
:1001A000D3020008D3020008D3020008D3020008DB
:1001B000D3020008D3020008D3020008D3020008CB
:1001C000D3020008D3020008D3020008D3020008BB
:1001D000D3020008D302000800F002F800F05CF837
:1001E0000AA090E8000C82448344AAF10107DA4592
:1001F00001D100F051F8AFF2090EBAE80F0013F088
:10020000010F18BFFB1A43F00103184778A1000043
:1002100098A100000A444FF0000C10F8013B13F0C5
:10022000070408BF10F8014B1D1108BF10F8015B4F
:10023000641E05D010F8016B641E01F8016BF9D142
:1002400013F0080F1EBF10F8014BAD1C0C1B09D199
:100250006D1E58BF01F801CBFAD505E014F8016B0B
:1002600001F8016B6D1EF9D59142D6D3704700009D
:100270000023002400250026103A28BF78C1FBD8AF
:10028000520728BF30C148BF0B6070471FB509F047
:10029000BDFB1FBD10B510BD00F05AF91146FFF7A8
:1002A000F5FF09F03BFA00F078F903B4FFF7F2FF2D
:1002B00003BC00F07BF9000009488047094800476B
:1002C000FEE7FEE7FEE7FEE7FEE7FEE7FEE7FEE706
:1002D000FEE7FEE704480549054A064B7047000063
:1002E000F58D0008D9010008780A00207810002058
:1002F000780C0020780C002053EA020C00F0698092
:100300002DE9F04B4FF00006002B1FBFB3FA83F529
:1003100003FA05F424FA05F65E4012BF1643B2FA5A
:1003200082F502FA05F4C5F120051EBF22FA05FC8C
:1003300044EA0C04203556EA044C4FEA144418BF32
:10034000641C4FF000084FF00009904271EB030C61
:1003500039D3002919BFB1FA81F701FA07F6B0FACB
:1003600080F700FA07F6C7F120071EBF20FA07FC46
:1003700046EA0C062037B6FBF4FCA7EB0507103F56
:1003800007F01F0BCBF120060CFA0BFB2CFA06F63C
:1003900044BFB3460026202FA4BF5E464FF0000B9B
:1003A0005BEA060C08BF4FF0010B19EB0B09ABFB26
:1003B000027C48EB0608C01B06FB02CC0BFB03CCFF
:1003C00071EB0C01C1E70B46024641464846BDE8C9
:1003D000F08B13B54FF000004FF00001AFF3008039
:1003E000BDE81C407047032A40F2308010F0030C37
:1003F00000F0158011F8013BBCF1020F624498BF78
:1004000011F801CB00F8013B38BF11F8013BA2F114
:10041000040298BF00F801CB38BF00F8013B11F08F
:10042000030300F02580083AC0F0088051F8043B2F
:10043000083A51F804CBA0E80810F5E7121D5CBF9C
:1004400051F8043B40F8043BAFF30080D20724BFCF
:1004500011F8013B11F801CB48BF11F8012B24BF63
:1004600000F8013B00F801CB48BF00F8012B7047B2
:1004700010B5203AC0F00B80B1E81850203AA0E83F
:100480001850B1E81850A0E81850BFF4F5AF5FEA73
:10049000027C24BFB1E81850A0E8185044BF18C926
:1004A00018C0BDE810405FEA827C24BF51F8043BCD
:1004B00040F8043B08BF7047D20728BF31F8023B21
:1004C00048BF11F8012B28BF20F8023B48BF00F8B5
:1004D000012B70474FF0000200B513469446964634
:1004E000203922BFA0E80C50A0E80C50B1F1200147
:1004F000BFF4F7AF090728BFA0E80C5048BF0CC0F5
:100500005DF804EB890028BF40F8042B08BF704752
:1005100048BF20F8022B11F0804F18BF00F8012BC4
:10052000704770477047704710B500F009F80068D1
:1005300010BD10B5044600F003F8046010BD0000C3
:1005400000487047140A002000487047140A002031
:100550007546FFF7F9FFAE4605006946534620F0A1
:100560000700854618B020B5FFF7B4FEBDE820406F
:100570004FF000064FF000074FF000084FF0000B5F
:1005800021F00701AC46ACE8C009ACE8C009ACE812
:10059000C009ACE8C0098D46704710B50446AFF3FA
:1005A00000802046BDE81040FFF77FBE01491820BB
:1005B000ABBEFEE7260002007047000010B50448FD
:1005C00001F05EF8BDE81040024801F059B80000A3
:1005D00078040020E4040020014801F051B8000034
:1005E00050050020014801F04BB80000BC05002078
:1005F000014801F045B800002806002010B5846AC3
:10060000E16D11F0500F06D0E16DC90625D52046E9
:1006100001F026F810BDE06D40F40070E065206840
:100620000168090716D505F0B9FA78B12068C068E5
:10063000800400280ADBE06D20F48070E065E06D46
:10064000C00403D4E06D40F00100E065204600F0F6
:10065000C3FF10BDC0688007EBE7616D496BBDE863
:100660001040084710B5806AC16D41F04001C16576
:10067000016E41F00401016600F0F2FF10BD10B5FB
:10068000806A00F0EBFF10BD70B504460068816819
:100690008268C1F3400112F0010F28D039BB816894
:1006A00001F00D01012914D18168124A1140891C01
:1006B000816021680320086001F0F6FE054612E023
:1006C00001F0F2FE401B02280DD920688068C007A7
:1006D00009D0E06D40F01000E065206E40F00100B0
:1006E0002066012070BD20688068C007E8D1002026
:1006F00070BD0000C0FFFF7FF8B5044600200090E9
:100700002068816811F0010F4AD18168254A1142A1
:1007100037D18168D5432940491C81602068B0F1F8
:10072000A04F02D02049884201D1204800E0204853
:10073000806800F0E07000020DD51E481E49006878
:10074000B0FBF1F0401C00EB4000800000E0401ED8
:1007500000900028FBD101F0A7FE06461BE081684F
:1007600011F0010F03D181682940491C816001F01B
:100770009BFE801B02280ED920680068C043C0077A
:1007800009D0E06D40F01000E065206E40F00100FF
:1007900020660120F8BD20680168C943C907DED181
:1007A0000020F8BD3F000080000100500003005011
:1007B0000007005058010020400D03004FF48061F5
:1007C000082007F0C9F9FEE7B5EEC00AF1EE10FA0D
:1007D00001D2B1EE400A7047002100F001B80000DC
:1007E00070B50D462DED088BB0EE618AF0EE418AB2
:1007F000B0EE609AF0EE409A04007DD094F840008C
:1008000000287AD0B0EE690A00F0A8F90028F8D0E4
:10081000B0EE490A00F0A2F90028F2D0B0EE680A62
:1008200000F09CF90028ECD0B0EE480A00F096F9F0
:100830000028E6D094ED010AB4EEC80AF1EE10FAF1
:100840005BDCF0EE000A80EE880A69EE800A29EE91
:10085000001A28EE800AC4ED020A84ED031A84ED22
:10086000040AB0EE600A00F079F90028C9D094EDCE
:10087000030A00F073F90028C3D094ED040A00F0D5
:100880006DF90028BDD094ED022ADFED990AD4ED70
:10089000031A94ED041A22EE200A01EEA00A01EEDA
:1008A000200A84ED050A32EE409A71EEC08A31EEDC
:1008B000408A00F053F90028A3D0B0EE490A00F0B6
:1008C0004DF900289DD0B0EE680A00F047F90028E5
:1008D00013D0B0EE480A00F041F900280DD0B0EE78
:1008E000481AF0EE680AB0EE490A00F05DF9F0EE41
:1008F000400AB0EE680A01E026E0AFE0B4EEC09A2C
:10090000F1EE10FA01D2B0EE490AB0EE481AB4EE98
:10091000C10AF1EE10FA01D3B0EE480ABEEE001A99
:10092000F6EE009A60EE810A40EE690AC4ED060A0E
:1009300070EE89AA30EEA8BA70EE88BA45B194ED8F
:10094000050A30EEC0AA05E00020BDEC088B70BDA2
:100950009FED68AAB0EE600A00F000F900287DD093
:10096000B0EE6A0A00F0FAF8002877D0B0EE4B0A31
:1009700000F0F4F8002871D0B0EE6B0A00F0EEF849
:1009800000286BD0B0EE4A0A00F0E8F8002865D0E5
:10099000B0EE6B0AFFF718FFF0EE408AB0EE4B0A9C
:1009A000FFF712FFB0EE408AB0EE6A0AFFF70CFFC5
:1009B000B0EE681AF0EE480A00F0F6F8B0EE409A91
:1009C00075B1B0EE4A0AFFF7FFFEB4EEC90AF1EEC8
:1009D00010FA05DDB0EE4A0AFFF7F6FEB0EE409AD7
:1009E000002084F8420094ED000AF7EE008A012509
:1009F000B4EEC90AB0EE688AF1EE10FA03D280EEC6
:100A0000098A84F8425084ED078A2AEE880A6BEE40
:100A1000080A84ED080AC4ED090A6BEE880A30EE74
:100A2000280AC4ED0A0A6AEE080A20EE290AC4ED73
:100A30000B0A00F0A7F884ED0C0A94ED090A30EED9
:100A4000280A20EE290A00F09DF884ED0D0A94EDA5
:100A50000A0A30EE280A20EE290A00E03FE000F002
:100A600091F884ED0E0A94ED0B0A30EE280A20EE80
:100A7000290A00F087F884ED0F0A94ED0C0A00F0C3
:100A80006DF860B394ED0D0A00F068F838B394ED9A
:100A90000E0A00F063F810B394ED0C0AB5EEC00A2C
:100AA000F1EE10FA1BD310EE100A4FF07E5188427F
:100AB00015DC94ED0D0AB5EEC00AF1EE10FA0ED376
:100AC00010EE100A88420ADC94ED0E0AB5EEC00A58
:100AD000F1EE10FA03D310EE100A884203DD20462F
:100AE00000F076F830E784F8415001202DE700004F
:100AF000ABAAAA3E0000000010B504002DED028B49
:100B0000F0EE608AB0EE408A1ED04421FFF7E2FC8E
:100B1000204600F05DF8B0EE480A00F01FF898B1EA
:100B2000B0EE680A00F01AF870B1B5EEC08AF1EEC6
:100B300010FA09D918EE100AB0F17E5F04DCF5EE68
:100B4000C08AF1EE10FA03D80020BDEC028B10BD74
:100B500084EC028A012084F84000F6E7B4EE400AF3
:100B6000F1EE10FA09D110EE100AB0F1FF4F04DADD
:100B700010EE100A10F5000F01D30020704701207D
:100B80007047000010EE100AB0F17E5F02DDB7EE94
:100B9000000A7047B5EEC00AF1EE10FAF9D29FEDE7
:100BA000010A704700000000B4EEE00AF1EE10FA0E
:100BB00001DCB0EE600AB4EEC10AF1EE10FA01DC1D
:100BC000B0EE410A7047002801D000F001B870472C
:100BD0009FED130AF7EE000A80ED020A80ED030A8A
:100BE00080ED040A80ED050A80ED060AC0ED070AD3
:100BF00080ED080A80ED090A80ED0A0A80ED0B0AF3
:100C0000B6EE000A80ED0C0A80ED0D0A80ED0E0AAA
:100C100080ED0F0A002180F8411080F842107047E3
:100C200000000000014801F003BA00009406002013
:100C3000014801F0FDB90000F4060020014801F070
:100C4000F7B9000054070020014801F0F1B9000095
:100C5000B4070020014801F0EBB90000140800209F
:100C600010B501680E4CCAB21423083AA14203D24F
:100C7000B2FBF3F20B4904E0B2FBF3F20949203175
:100C80000832436C02F01F0223F00303194481640D
:100C900004498031C16401219140016510BD00000B
:100CA00008040240000802400179084A01F07F016F
:100CB00002EB81024265054A4432491E826501F019
:100CC0001F0201219140C16570470000FC080240ED
:100CD00030B5D0E913456560446D14B1D0E91645CF
:100CE000656090F8444004F01F050124AC40056C99
:100CF0006C60046863608368102B036803D099609C
:100D00000068C26030BD9A600068C16030BD704745
:100D100006F0B0FC72B6FEE7F8B500260446009671
:100D200090F858000D4601280BD0012084F8580097
:100D30002046FFF7A9FC0100E06D04D040F0100050
:100D40002AE00220F8BD20F4885040F00200E0655F
:100D500020688268134B1A4005F080431A4342F022
:100D600000428260104A20680EE0009B5B1C0093EA
:100D7000934209D3E06D20F0020040F01000E065DE
:100D800084F858600120F8BD8368DB0FEDD1E06D79
:100D900020F0020040F00100E06584F85860084649
:100DA000F8BD0000C0FFFF3F02DE0400704770473F
:100DB00070477047704700002DE9F04F044690F8E7
:100DC00058009BB00F464FF0000B012812D00120B5
:100DD00084F8580000261796189620684FF0A0480F
:100DE000DFF81C91DFF81CA1474D404506D128468D
:100DF000009508E002201BB0BDE8F08F48450AD1FD
:100E00005046CDF800A004F0C5FE0090206804F024
:100E1000C1FE40B109E0E06D40F02000E06584F8DB
:100E200058600120E7E7009850B1E06D40F02000E5
:100E3000E0654FF0010B00BF84F858605846DAE7D0
:100E400020684146884201D0A84201D12F4800E0E5
:100E50002F48D7F800C02F4B40F61F72BCF1000F8F
:100E60002DD0D0F808C094F838802CF4604C4CEAAF
:100E7000483CD7F804804CEA080CC0F808C0D4F805
:100E800000C08C4501D0AC4504D18968AB6801F045
:100E9000010109E0D9F80810DAF8085001F0010161
:100EA00005F001059B68294303F001031943C3D1F1
:100EB000BB68396819438368934319431DE0876809
:100EC00027F46047876027688F4201D0AF4204D182
:100ED0008968AB6801F0010109E0D9F80810DAF877
:100EE000085001F0010105F001059B68294303F05A
:100EF00001031943A0D18168914381609CE7000000
:100F00000004005000050050000100500003005094
:100F100000070050000600502DE9F05F044690F8ED
:100F200058000D464FF4400701280FD0012684F8E1
:100F30005860206804F02AFE8046206804F022FEF3
:100F4000DFF8189258EA000003D0BEE00220BDE8A6
:100F5000F09F28684946824A4FF400034FF0807C96
:100F60004FF0C0784FF0E07B884244D16868B0F120
:100F7000A07F19D008DC984234D0B8420ED060452A
:100F800033D1784A206815E0404512D058452CD11D
:100F9000A86820F07C7040F0E0720AE0A86820F0B9
:100FA0007C7040F4400204E0A86820F07C7040F0BF
:100FB000A072206804F0FAFD2068016AAA6921F491
:100FC000E04111430162E06D20F48030E06520686B
:100FD00080210160287B01282068416808D021F029
:100FE000800171E0604A2068E4E700222068E1E7C0
:100FF00041F0800168E06968DFF870A1B1F1A07F7D
:101000000BD006DC994233D0B94206D0614547D1B6
:101010002EE041452CD0594542D12168504513D18D
:10102000D1F8A020A86843030BD090FAA0F0B0FA42
:1010300080F000BF00F01F0086403243C1F8A020BE
:101040001BE0C0F38460F5E7D1F8A420A86843034F
:101050000BD090FAA0F0B0FA80F000BF00F01F00B3
:1010600086403243C1F8A42007E0C0F38460F5E76E
:1010700023680146184604F099FD2968E06D514542
:1010800014D120F40030E06520684FF480710160D5
:10109000287B01282068416805D021F4807113E085
:1010A00000222368E5E741F480710DE020F4802000
:1010B000E06520684FF400710160287B01282068FA
:1010C000416813D021F4007141602A684A4510D16B
:1010D00023682869D968DB68C1F3C10149008840E9
:1010E0006969C3F3C1035B00994026E041F40071D4
:1010F000EAE72368D8680426C0F3C10003282869FA
:1011000009D0D968C1F3C101494206EB410101F0A0
:101110001F01C84000E08000D968C1F3C101032964
:10112000696909D0DB68C3F3C1035B4206EB430383
:1011300003F01F03D94000E089000C25236805EA6D
:1011400092421A44136A41EA004003F0F023034339
:101150001362002084F85800F9E600000000C07D0A
:10116000FFFF8701FFFF0701FFFF8700FFFF170059
:101170002DE9F84F00270446009790F85800DFF853
:1011800018840D46B946012811D0012684F858600C
:10119000206804F0FBFC60B1E06D40F02000E065E9
:1011A0005FF0010784F858903846BDE8F88F0220B8
:1011B000FBE7D5E900210C23206803EA91131844CA
:1011C000036B01F01F014FF01F0C0CFA01FCC2F37E
:1011D000846223EA0C038A4013430363206804F00B
:1011E000D5FC8246206804F0CDFC5AEA00003CD1D0
:1011F000AA6829682068B2F1004F37D004F0ECFCEF
:101200002068416921F00041416120686969C26834
:10121000C2F3C102520091402A69042A31D000EB86
:1012200082002B68026EDFF874C303F0F84302EA11
:101230000C020B431A4342F00041016620682A6900
:10124000A96900EB8200026E22F080720A430266F6
:10125000297F20682A69012910D0002100EB820033
:10126000026E22F000720A4302667DE0002204F062
:10127000B3FC2068416941F00041C5E74FF00071BF
:10128000ECE7002104F078FC400320684FF00001F7
:1012900072D004F071FC90FAA0F0B0FA80F12868E6
:1012A00042036ED090FAA0F0B0FA80F0814204D1EF
:1012B00000221146206804F09EFC0121206804F001
:1012C0005BFC400320684FF001015DD004F054FC4A
:1012D00090FAA0F0B0FA80F12868420359D090FA51
:1012E000A0F0B0FA80F0814204D1002201212068F0
:1012F00004F081FC0221206804F03EFC40032068D9
:101300004FF0020148D004F037FC90FAA0F0B0FA98
:1013100080F12868420344D090FAA0F0B0FA80F03F
:10132000814204D100220221206804F064FC0321E0
:10133000206804F021FC400320684FF0030133D003
:1013400004F01AFC90FAA0F0B0FA80F12868420389
:101350002FD090FAA0F0B0FA80F0814204D10022A0
:101360000321206804F047FC2068816811F0010F18
:1013700022D0ACE000E004E004F0FEFBC0F38461A6
:101380008DE7C0F3846091E704F0F6FBC0F384615D
:10139000A2E7C0F38460A6E704F0EEFBC0F384612B
:1013A000B7E7C0F38460BBE704F0E6FBC0F38461F9
:1013B000CCE7C0F38460D0E72A7B296850F8B03FBF
:1013C000C1F3120C23EA0C0302F0180C744A22FA3F
:1013D0000CF20A4013430360E968414577D128685D
:1013E00041031CD090FAA0F1B1FA81F1491C01F03F
:1013F0001F0109294FEA403132D8002912D000BF1D
:1014000090FAA0F1B1FA81F101F1010101F01F019F
:1014100006FA01F609D100BFC0F3846109E0C0F308
:101420008461E3E7C0F38461EEE790FAA0F1B1FADA
:1014300081F101F1010101F01F0146EA816102D150
:10144000C0F3846003E090FAA0F0B0FA80F000F1FD
:10145000010000F01F0000EB400041EA005132E0C3
:1014600000290ED090FAA0F1B1FA81F101F1010149
:1014700001F01F0106FA01F606D100BFC0F3846136
:1014800006E0C0F38461F1E790FAA0F1B1FA81F1CE
:1014900001F1010101F01F0146EA816102D1C0F3AF
:1014A000846003E090FAA0F0B0FA80F000F101004F
:1014B00000F01F003B4A00EB400002EB005041EA05
:1014C000000141F00071AA68206804F085FB3648ED
:1014D0002B6803423FF466AE21684FF0A04C334DB9
:1014E0003348344E614501D0A94201D1024600E0A3
:1014F00032469268DFF8C08002F0E072434503D0C4
:10150000DFF8B880434521D15FEA02281ED4614547
:1015100006D02B4B99427FF445AEA94200D030460D
:1015200042F40001826822F0E0720A43826025489A
:1015300025490068B0FBF1F0401C00EB4000800042
:1015400000E0401E00900028FBD12BE6DFF87C80F5
:1015500043450DD15FEAC2180AD4A942F5D01C4B0D
:101560009942F2D0614500D0304642F080710CE0E3
:10157000DFF860804345E8D15302E6D4A942E4D0C5
:10158000614500D0304642F48001826822F0E0726A
:101590000A43826006E6000000007F4000F0FF037F
:1015A000FFFF0700000020FE00000880000100503F
:1015B0000003005000070050000021C31000C0903D
:1015C0000006005058010020400D0300000052C7E3
:1015D00000050050000084CB00B591B0002822D057
:1015E000006800281FD01949884204D111B05DF865
:1015F00004EB06F0A3BEB0F1A04F06D01449884218
:1016000013D1684603F070FC15E006F077FD06F094
:10161000B1FB002807D111B05DF804EB06F080B8EB
:10162000684606F02FF811B000BD0A49884205D17E
:10163000684603F061FC0028F2D1F4E706498842CD
:10164000F1D1684603F060FCF5E7000000010050AE
:1016500000040050000500500006005070470000D4
:1016600030B10068B0F1A04F02D00449884202D1E5
:10167000022006F01AB9022006F006B90001005057
:101680002DE9F84F04460068066845684FF0A04809
:10169000DFF89092404501D0484501D1A24800E0D2
:1016A000A248806800F01F07B0070ED5A8070CD528
:1016B000E06DC00603D4E06D40F40060E0652046B4
:1016C000FFF774FB216802200860DFF864B2DFF8DE
:1016D00064A2700701D5680703D430073FD52807F7
:1016E0003DD5E06DC00603D4E06D40F40070E065C8
:1016F000206804F053FA60B32068484501D142469F
:1017000004E0584501D1524600E00246824208D02A
:101710003FB1052F05D0092F03D0484503D14146DD
:1017200006E0C16805E0584501D1514600E0014698
:10173000C96889040DD4016809070AD504F026FA9E
:1017400058B3E06D40F01000E065206E40F00100FD
:1017500020662046FFF740FF21680C200860B00695
:1017600001D5A80603D470065FD568065DD5E06D87
:10177000C00603D4E06D40F40050E0652068C16C01
:1017800011F4C07F1AD00021009104F007FA02463C
:101790002068484514D1434617E02068416821F08D
:1017A0000C014160E06D20F48070E065E06DC004E4
:1017B000CFD4E06D40F00100E065CAE70121E3E726
:1017C000584501D1534600E00346834208D03FB15B
:1017D000062F05D0072F03D0484503D1414606E028
:1017E000C16805E0584501D1514600E00146C9688D
:1017F000009BA3B18B0102D58AB18A040FD4026881
:1018000052060CD589020AD404F0BCF9F0B3E06D9D
:1018100040F01000E065206E40F001002066204698
:10182000FFF7C5FA21686020086030060BD528064E
:1018300009D5E06D40F48030E065204600F094F971
:10184000216880200860F0050CD5E8050AD5E06D18
:1018500040F40030E0652046FFF7ABFA21684FF412
:1018600080700860B0050CD5A8050AD5E06D40F47D
:101870008020E0652046FFF79DFA21684FF4007054
:101880000860F00631D5E8062FD500E009E0E06BEE
:10189000E8B12068EFB3404501D0484512D1224855
:1018A00011E02068416821F060014160E06D20F4A2
:1018B0008050E065E06DC005B1D4E06D40F00100FE
:1018C000E065ACE71948806800F4604050B1E06D15
:1018D00040F48060E065206E40F002002066204603
:1018E000FFF7BEFE216810200860700517D5680557
:1018F00015D5E06D40F48040E065206E40F00800B2
:10190000206621684FF4806008602046BDE8F84FEB
:1019100000E001E0FFF74CBAC068C007D6E7BDE8B9
:10192000F88F000000010050000300500007005035
:101930000005005000040050F8B54FF00005040009
:101940002E46009502D0E06D10B107E00120F8BDF1
:10195000204600F00BF9266684F8586020688168FC
:10196000C1F3407119B18168734A114081602068E8
:101970008168C1F3007189B98168704A114041F0F2
:10198000805181606E486F490068B0FBF1F0400003
:10199000801C00E0401E00900028FBD12068816878
:1019A000C1F3007141B9E16D41F01001E165216EB3
:1019B00041F001012166012504F0E8F8E16DC90656
:1019C00000D430B1E06D40F01000E06501252846FC
:1019D000F8BDE06D20F4807040F00200E065206802
:1019E000816811F0010F27D14FF0A043564A984269
:1019F00001D0904204D19968966801F001010AE093
:101A000052498968524E01F00101B66806F001069C
:101A10003143504EB66806F0010631430CD198426E
:101A200001D0904201D14C4800E04C486168826886
:101A300022F47C120A438260E168E06B627F084313
:101A4000A16841EA4231084394F8241040EA014079
:101A5000012904D1218D424A02EB41410843E16A48
:101A600029B101F47871226B014342EA0100226836
:101A7000D1683C4B19400143D16020680169626B19
:101A800021F0406111430161206804F07BF870BBD4
:101A9000207F94F838102268800340EA4100D16822
:101AA00044F2020399430143D16020690028206871
:101AB00001690AD041F480310161206850F8C01FEB
:101AC00022696FF30D01114307E021F480310161B8
:101AD000206850F8C01F6FF30D01016094F84000BA
:101AE00001280CD02068016921F0010101616069C1
:101AF00001282068016B21F00F0111D013E0D4E917
:101B000011010843D4E913121143084321680A69FB
:101B100040F2FC739A43104340F001000861E6E78D
:101B2000226A521E11430163E06D20F0020040F072
:101B30000100E0654BE70000C0FFFF5FC0FFFF7FD3
:101B400058010020400D0300000100500004005027
:101B50000005005000060050000300500007005030
:101B60000000FEFF0740F0FF704700002DE9F04F36
:101B70009BB00746142115A8FEF7ACFC542168461B
:101B8000FEF7A8FC4FF40041386800258A03CF4EC9
:101B9000CF4C4FF003084FF0800B4FF480794FF497
:101BA000806AB0F1A04F10D0CA4B98427DD16846F0
:101BB0001192009101F08CFC08B1FFF7A9F8306890
:101BC000401C306001284ED055E0684611920091CB
:101BD00001F07EFC08B1FFF79BF83068401C3060D4
:101BE000012807D1E06C40F40050E064E06C00F4A0
:101BF00000501A90E06C40F00400E064E06C00F0EB
:101C000004001A90E06C40F00100E064E06C0226F1
:101C100000F001001596CDE916851A90444615A9E5
:101C2000AD4800F01DFB15A94FF090401596CDE989
:101C3000164500F015FBAA4CA84820600520C4E911
:101C400001052020C4F81490C4E906A00002206217
:101C5000204632E07C65002201211220A76201F0BB
:101C60009FFB12208BE0E06C40F40050E064E06CDD
:101C700000F400501A90E06C40F00400E064E06C66
:101C8000179500F004001A900120CDE9150815A958
:101C9000914800F0E5FA9148914C1430603420608E
:101CA0002420C4E90105202000E00FE0C4F81490CE
:101CB000C4E906A0000220622046C4E9035B00F0EC
:101CC00015FA0028C6D0FFF723F8C3E7854B990122
:101CD000CA03984258D168461292009101F0F8FB6D
:101CE00008B1FFF715F87068401C7060012807D133
:101CF000E06C40F48040E064E06C00F480401A90B6
:101D0000E06C40F00200E064E06C00F002001A9029
:101D1000E06C40F00800E064E06C15A900F00800F9
:101D20001A900120444681E831006F4800F098FA8B
:101D3000564615A96D48CDF854A0CDE9164500F0DA
:101D40008FFA674C6A48C03420602520C4E9010539
:101D50002020C4F81490C4E9066000022062C4E99F
:101D6000035B204600F0C2F908B1FEF7D1FF7C65A5
:101D7000002201212F20A76201F012FB2F2001F089
:101D800001FB1BB0BDE8F08F5A4B984254D1684616
:101D90001292009101F09CFB08B1FEF7B9FF706848
:101DA000401C7060012807D1E06C40F48040E06482
:101DB000E06C00F480401A90E06C40F01000E064A9
:101DC000E06C00F010001A90E06C40F00800E06455
:101DD000E06C15A900F008001A904FF480404446CA
:101DE00081E83100444800F03BFA4E4615A93F48CF
:101DF000CDF85490CDE9164500F032FA3C483F4CFE
:101E0000143020602620C4E9010520206661C4E961
:101E100006A000022062C4E9035B204600F066F9D8
:101E200008B1FEF775FF7C65002201213D20A76205
:101E300001F0B6FA3D20A2E7314B9842A1D16846A5
:101E40001292009101F044FB08B1FEF761FF706847
:101E5000401C7060012807D1E06C40F48040E064D1
:101E6000E06C00F480401A90E06C40F00800E06400
:101E7000E06C179500F008001A904FF48440CDE90B
:101E8000150815A9194800F0EBF91C4C18486034E6
:101E9000283020602720C4E901052020C4F81490D0
:101EA000C4E906A000022062C4E9035B204600F0FA
:101EB0001DF908B1FEF72CFF7C65002201213E20B0
:101EC000A76201F06DFA3E2059E7000044010020AE
:101ED00000100240000100500008004808000240C5
:101EE000940600200004005000040048000C004844
:101EF000080402400005005000100048B40700200C
:101F0000000600502DE9F047044600684FF0A04855
:101F10003D4F91468A46404501D0B84201D13B49E8
:101F200000E03B49896801F01F0503F02FFE0028FF
:101F300068D194F85800012864D0012084F8580032
:101F400034492068884201D1012000E00020401E71
:101F500028424FF0000605D0052D03D0092D01D0F1
:101F6000012003E02046FEF7C7FB18B184F8586053
:101F7000BDE8F087E06D40F60161884340F4807071
:101F8000E0652068B84201D1414605E02249884217
:101F900001D1224900E00146814200D01DB9E06D27
:101FA00020F48010E065E06DC00404D5206E20F0C0
:101FB0000600206600E02666616D1948C862616D02
:101FC00018480863616D1848486321681C20086040
:101FD00084F858602068416841F010014160206831
:101FE000C16841F00101C16021684B465246403151
:101FF000606D00F0DDF821688A680C4B1A40121DF4
:102000008A60B5E70220B3E70001005000030050EA
:10201000000700500006005000050050000400506A
:10202000FD0500087F06000865060008C0FFFF7F69
:10203000F0B4016C0C6801680D6890F8442002F05F
:102040001F06042202FA06F3234211D06B070FD5B4
:102050000B689B0603D40B6823F004030B6090F815
:10206000441001F01F018A40016C4A60016B1DE0C1
:10207000022303FA06F727424FF0000C4FF001024B
:1020800018D0AF0716D50C68A40605D40C6824F048
:102090000A040C6080F8252090F8441001F01F011C
:1020A0008B40016C4B6080F824C0C16A00291AD0B3
:1020B000F0BC08470823B340234214D02B0712D5A5
:1020C0000B6823F00E030B6090F84410036C01F0D2
:1020D0001F0102FA01F15960C26380F8252080F8DF
:1020E00024C0416BE2E7F0BC7047000070B504000B
:1020F0000CD02C4A21681420914209D22A4A0A4461
:10210000B2FBF0F08000606428480AE0012070BD56
:10211000244A52420A44B2FBF0F080006064214835
:1021200008382064022084F825000A6847F6F07019
:102130008243D4E902031843D4E904352B431843FE
:10214000A3691843E3691843236A184310430860DE
:102150002046FEF785FDA0680025B0F5804F00D130
:1021600065602079A16C00F07F000860D4E913015C
:1021700041606068401E032808D82046FEF794FDA1
:10218000606D0560D4E91601416002E06565A565F2
:10219000E565E563012084F8250084F824500020DB
:1021A00070BD000008040240F8FFFDBF00000240BF
:1021B00070B5044690F82400002501280CD00120B9
:1021C00084F8240094F825600020012E06D084F8BD
:1021D00024000225284670BD022070BD022684F826
:1021E0002560E0632068066826F001060660204648
:1021F000FEF76EFD206B00282068016802D041F0D8
:102200000E0106E021F0040101602068016841F040
:102210000A010160A06C0168C90303D5016841F49B
:1022200080710160606D18B1016841F480710160D6
:102230002068016841F001010160CBE770B50446F8
:1022400000F032F90546601C02D00448406804449E
:1022500000F02AF9401BA042FAD370BD4C010020C7
:102260002DE9F04FDFF80C92002301260325A9F198
:10227000040B85B00F2709F1040AABF1040EF1E05D
:1022800006FA03FC12EA0C027ED00C7904F0030477
:10229000012C01D0022C20D1846800945C0005FA46
:1022A00004F80494009C24EA08040094D1F80C80FB
:1022B000049C08FA04F8009C48EA0408C0F8088066
:1022C000446824EA0C0491F804C0CCF3001C0CFA16
:1022D00003FC4CEA040CC0F804C00C79E443A407E6
:1022E00002D18C68012C0ED0C4684FEA430805FA6D
:1022F00008FC24EA0C04D1F808C00CFA08FC4CEAEB
:10230000040CC0F80CC00C7904F00304022C16D1A4
:10231000DC0800EB840CCDF808C0DCF820C05C07BA
:102320004FEAD46807FA08F42CEA040C0C6904FAA2
:1023300008F444EA0C04DDF808C0CCF82040046836
:102340004FEA430805FA08FC24EA0C0491F804C09B
:102350000CF0030C0CFA08FC4CEA040CC0F800C0AA
:102360004C6814F4403F7CD0434CD4F860C04CF02F
:10237000010CC4F860C0246E23F0030C04F00104C7
:1023800000943E4C644400E06BE00294A4684FEA81
:10239000837C4FEA1C7807FA08FC24EA0C04B0F1AD
:1023A000904F06D0DFF8D8C0604505D14FF0010C42
:1023B00020E04FF0000C1DE0DFF8C8C0604502D1FE
:1023C0004FF0020C16E0DFF8C0C0604502D14FF0BC
:1023D000030C0FE0DFF8B4C0604502D14FF0040CED
:1023E00008E0DFF8ACC0604502D14FF0050C01E019
:1023F0004FF0060C0CFA08FC4CEA040C029CC4F8E2
:1024000008C0D9F80040CC46D1F8048094435FEA74
:10241000C82800D51443CCF80040DAF80040D44670
:10242000D1F8048094435FEA882800D51443CCF89F
:102430000040DBF80040DC46D1F8048094435FEABA
:10244000883800D51443CCF80040DEF80040F4464C
:10245000D1F8048094435FEAC83800D51443CCF81F
:1024600000405B1C0C682246DC407FF409AF05B0DD
:10247000BDE8F08F08040140001002400000014058
:102480000004004800080048000C00480010004804
:10249000001400480069084000D0012070470AB1CC
:1024A0008161704781627047014880687047000011
:1024B0004C01002030B590F8DD30022B15D090F89B
:1024C000DC30012B11D0012380F8DC30022480F8AD
:1024D000DD400024202949D00EDC042934D006DC5C
:1024E000012923D0022911D126E0022030BD08297C
:1024F00030D010290AD133E040293DD0802943D083
:10250000B1F5807F46D0B1F5007F49D0072180F832
:10251000DD1080F8DC4000BF90F8DD10072945D0C1
:1025200080F8DD3080F8DC40002030BD0168D1F853
:10253000005462F3040504E00168D1F8005462F32A
:102540008A15C1F80054E7E70168D1F8005462F336
:102550001035F6E70168D1F8005462F39645F0E7CC
:102560000168D1F8005462F31C65EAE70168D1F80C
:10257000045462F3040504E00168D1F8045462F3E2
:102580008A15C1F80454C7E70168D1F8045462F30E
:102590001035F6E70168D1F8045462F39645F0E788
:1025A0000168D1F8045462F31C65EAE7012030BDEC
:1025B000F0B590F8DD30022B1AD090F8DC30012B0A
:1025C00016D0012680F8DC60022380F8DD30046834
:1025D000D4F88053D4F8FC33002720296ED00EDCC9
:1025E00004293DD006DC012922D0022911D12AE09C
:1025F0000220F0BD082940D010290AD14AE0402924
:102600007ED0802977D0B1F5807F75D0B1F5007F7D
:1026100073D0072280F8DD2080F8DC7090F8DD2090
:10262000072A6BD01029016869D2C1F88053C9E02C
:1026300025F4E02C1568526805F4E02545EA0C0500
:10264000C4F8BC23EAE725F4601C15684FF4601E4B
:102650000EEAC505526845EA0C05C4F8C023DDE75B
:1026600025F0E07C15684FF0E07E0EEA8515526893
:1026700045EA0C05C4F8C423D0E725F0606C156862
:102680004FF0606E0EEA4525526845EA0C05C4F825
:10269000C823C3E723F0070C1368C3F3024343EADC
:1026A0000C03D4F8F8C32CF01F0CC4F8F8C304686A
:1026B000D4F8F8C3127902F01F0216E023F0700C70
:1026C00013684FF0700E0EEA133343EA0C03D4F88C
:1026D000F8C32CF4787CC4F8F8C30468D4F8F8C3C1
:1026E00052684FF4787E0EEA42124CEA020CC4F8AB
:1026F000F8C393E704E01BE032E047E05EE05FE010
:1027000023F4E06C13684FF4E06E0EEA132343EAFF
:102710000C03D4F8F8C32CF4F84CC4F8F8C30468DC
:10272000D4F8F8C352684FF4F84E0EEA8222DCE780
:1027300023F4E04C13684FF4E04E0EEA131343EA1F
:102740000C03D4F8F8C32CF4F81CC4F8F8C30468DC
:10275000D4F8F8C392884FF4F81E0EEA0242C4E798
:1027600023F4E02C136803F4E02343EA0C03D4F8C9
:10277000F8C32CF0787CC4F8F8C30468D4F8F8C324
:1027800092884FF0787E0EEA4252AEE723F4E00CD6
:1027900013684FF4E00E0EEA031343EA0C03D4F877
:1027A000F8C32CF0F84CC4F8F8C30468D4F8F8C3A4
:1027B00012794FF0F84E0EEA826296E70120F0BDE2
:1027C000C1F8FC3380F8DD6080F8DC700020F0BDDB
:1027D0007047704770477047704770477047704741
:1027E000704710B590F8DC20012A21D0012280F832
:1027F000DC20022380F8DD304B1C1BD00368D3F8AB
:10280000CC4344F00204C3F8CC430368D3F8CC4370
:1028100024F00C040C43C3F8CC430168D1F8CC334A
:1028200043F00103C1F8CC3380F8DD20002010BD57
:10283000022010BD0168D1F8CC3323F00203C1F8A7
:10284000CC33EAE770B590F8DD30022B3CD090F83D
:10285000DC30012B38D0012500F8DC5F0223437007
:102860001388948803F4E053C4F308041C431389C9
:102870006FF07E4603F400732343148A04F480440B
:102880001C43938903F400432343948A06EA0444D7
:102890001C43936903F000732343146AD26904F064
:1028A00080441C4302F00042224350F8DC3CB82430
:1028B00004EBC1141959054E3140114319514570AB
:1028C00000210170084670BD022070BD0020003C50
:1028D00070477047704708221146102005F0DCB899
:1028E00070477047704700002DE9F04F90F8DD30D9
:1028F000022B26D090F8DC30012B22D04FF0010BB8
:1029000080F8DCB0022380F8DD300768D7F8D043C8
:10291000D7F8D43315784FF4007805F00106C5F3E5
:1029200040054FF4F04C4FF400494FF0000A0829DD
:102930007ED009DC012935D0022947D0042907D1EE
:1029400059E00220BDE8F08F10296FD020296ED009
:10295000072180F8DD1080F8DCA000BF90F8DD10C2
:1029600007297CD004F07F31C7F8D013056848F2FE
:10297000800123EA0102C5F8D4230268D2F8D053BB
:1029800004F080342543C2F8D0530268D2F8D4430F
:102990000B401C43C2F8D44380F8DDB080F8DCA0C3
:1029A0000020CFE7117924F0FE0401F00201214359
:1029B00041EA860423F4803141EA0543117A127B0F
:1029C00001F07801214302F0800412E0516824F400
:1029D0007E4408EA0121214341EA862423F40031A0
:1029E00041EA454391680CEA01212143D46809EA90
:1029F00004240C43B2E791884FF4003C24F47E0495
:102A00000CEA0141214341EA864423F4802141EA52
:102A1000854311894FF4F00505EA0141214392896C
:102A20004FF4000404EA0244E3E701E01BE02EE077
:102A300011794FF0007C24F07E440CEA01612143BF
:102A400041EA866423F4002141EAC543117A4FF03C
:102A5000F04505EA01612143127B2C0100E02BE0E7
:102A600004EA0264C5E7117923F0FE0301F00201D4
:102A7000194341EA860121F4801141EA0553117A94
:102A8000127B01F07801194302F0800312E05168D3
:102A900023F47E4308EA0121194341EA862121F407
:102AA000001141EA455391680CEA01211943D368AA
:102AB00009EA03230B4351E7012043E730B590F8BF
:102AC000DD30022B14D090F8DC30012B10D0012324
:102AD00080F8DC30022480F8DD400024082941D051
:102AE00008DC01291AD0022923D0042906D12EE0BE
:102AF000022030BD102940D0202949D0072180F87C
:102B0000DD1080F8DC4000BF90F8DD1007294DD0C3
:102B100080F8DD3080F8DC40002030BD116852685C
:102B2000890041EAC2120168D1F8085425F0BC05B9
:102B300009E011685268890241EAC2320168D1F89D
:102B4000085425F43C452A43C1F80824DCE71188E1
:102B50009288890441EAC2520168D1F8085425F4E8
:102B60003C05F0E711781279890641EAC2720168E2
:102B7000D1F8085425F03C45E5E711685268890012
:102B800041EAC2120168D1F80C5425F0BC0509E0F5
:102B900011685268890241EAC2320168D1F80C54C6
:102BA00025F43C452A43C1F80C24ADE7012030BD93
:102BB00010B5CB0706D00368D3F8D04362F3000406
:102BC000C3F8D0438B0706D50368D3F8D04362F32C
:102BD0000824C3F8D0434B0706D50368D3F8D04385
:102BE00062F31044C3F8D0430B0706D50368D3F84B
:102BF000D04362F31864C3F8D043CB0606D503680C
:102C0000D3F8D44362F30004C3F8D443890606D54D
:102C10000068D0F8D41362F30821C0F8D41310BDB3
:102C200010B590F8DD20022A18D090F8DC20012A97
:102C300014D0012200F8DC2F0223437050F8DC3C52
:102C4000D3F8D44301F0407124F040740C43C3F82E
:102C5000D443427000210170084610BD022010BD0F
:102C6000FF2903D0062903D001F022BC01F09CBA51
:102C700001F037BB38B5040056D0022084F8DD00DF
:102C80000025C4F8E050C4F8E450C4F8E850C4F893
:102C9000EC50C4F8F050C4F8F450C4F8F850207A5E
:102CA000C0071BD021492068884208D12048016E06
:102CB00041F080610166006E00F080600090216844
:102CC000086820F44042208A00F44040104320F479
:102CD0004052A08A00F4405010430860204600F0A3
:102CE00029F8207A800708D52168086820F4407206
:102CF000A08900F4407010430860012084F8DD00D2
:102D000084F8DC505FF00001C1EBC10004EB8000EF
:102D1000491C8561C561056245628562C9B205636A
:102D20000629F1D9002038BD012038BD00680140D6
:102D30000010024010B586B0044614216846FDF725
:102D4000C9FB17492068884227D11648016E41F017
:102D500080610166016E01F080610591C16C41F0F6
:102D60000201C164C06C694600F0020005904FF496
:102D700080600090022001900120029000200390CA
:102D80000D2004900848FFF76BFA002211464920F5
:102D900000F006FB492000F0F5FA06B010BD000077
:102DA000006801400010024000040048F0B587B000
:102DB000044614216846FDF78DFB214920688842AE
:102DC0003BD12048C16C41F00201C164C16C01F0EB
:102DD00002010591C16C41F00401C164C16C01F0B4
:102DE00004010591C16C41F00101C164C06C022570
:102DF00000F0010005904FF4704000268DE861005E
:102E000003240D27CDE9034769460F48FFF728FA49
:102E10002002CDE90005CDE90264694604940B481F
:102E2000FFF71EFA4FF470608DE86100CDE90347AB
:102E300069464FF09040FFF713FA07B0F0BD00006D
:102E400000680140001002400004004800080048EB
:102E5000704770477047704770B50D460446FFF7DE
:102E600023FB064607E0681C05D0FFF71DFB801B0F
:102E7000A8420DD865B12068D0F88803C043C003CC
:102E8000F1D4012084F8DD00002084F8DC0070BD5E
:102E9000072084F8DD00032070BD7047704770B5CF
:102EA00090F8DD30022B1DD090F8DC30012B19D0CA
:102EB000012380F8DC30022480F8DD40EC25046832
:102EC00005EBC1156159CE0605D54FF6C076B14365
:102ED00032400A43625180F8DD30002180F8DC1076
:102EE000084670BD022070BD7047704770B590F8FD
:102EF000DD30022B23D0022380F8DD30062920D0DC
:102F00008023046803EBC115635923F00706936817
:102F1000334323F01806D368334363519425046880
:102F200005EBC115136863519824036804EBC111C4
:102F300052685A50012180F8DD10002070BD022037
:102F400070BD0368196821F007049168214321F0DE
:102F50001804D168214319600368116859615168E8
:102F600002689161E6E72DE9F04F90F8DD40022C10
:102F700025D090F8DC40012C21D04FF0010980F8D9
:102F8000DC90022480F8DD4000274FF0070C062972
:102F900018D09C2404EBC116012A39D08024A8251E
:102FA0004FF4005A4FF4405B05EBC11504EBC1141C
:102FB000022A2FD0042A45D0082A0BD144E002204F
:102FC000BDE8F08F012A0AD0022A0CD0042A0ED0C4
:102FD000082A10D080F8DDC080F8DC700EE00268AE
:102FE0001968D1610AE002681968516206E0026856
:102FF0001968916202E002681968D16290F8DD10E8
:10300000072948D080F8DD9080F8DC700020D7E7F1
:10301000196835E04FF0A408D0F800C008EBC111E2
:103020001A684CF801205968002901680A5922F4ED
:1030300040522ED00A5101680A59D3F804C042EA1E
:103040000C0218E0196821E04FF0AC08D0F800C07D
:1030500008EBC1111A684CF8012059680029016871
:103060000A5922F4404214D00A5101680A59D3F88F
:1030700004C042EA8C020A515968514503D199684B
:1030800002689151BAE75945B8D19968026851511F
:10309000B4E70A51B2E7012092E710B590F8DC20BE
:1030A000012A0ED0012200F8DC2F0223437050F8D1
:1030B000DC3C1C680C431C60427000210170084617
:1030C00010BD022010BD70B5044690F8DD00022846
:1030D00011D094F8DC0001280ED0012584F8DC50D2
:1030E000022084F8DD00204601F073F984F8DD50F9
:1030F000002084F8DC0070BD022070BD10B590F88F
:10310000DC20012A10D0012200F8DC2F02234370BA
:1031100050F8DC3CD3F894430C43C3F8944342701A
:1031200000210170084610BD022010BD10B590F8B6
:10313000DC20012A10D0012200F8DC2F022343708A
:1031400050F8DC3CD3F898430C43C3F898434270E2
:1031500000210170084610BD022010BD2DE9F0418C
:10316000044690F8DD0015460E46022826D094F855
:10317000DC00012821D0012784F8DC70022084F8CB
:10318000DD00062E1CD0204601F046FAC6EBC60034
:1031900004EB80002968016269684162A968816264
:1031A000E968C162296901633146204600F0C8FF21
:1031B000062E15D0E86A40B112E00220BDE8F08189
:1031C0001146204601F044F8E0E78021206801EB39
:1031D000C6114258EB6D22F4007242EA432242507B
:1031E00084F8DD70002084F8DC00E7E770B590F823
:1031F000DD30022B23D090F8DC30012B1FD00123CF
:1032000080F8DC30022480F8DD40EC25046805EB12
:10321000C1156159166821F0100141EA061121F427
:1032200080165168314321F48036D168314321F44E
:103230000036916831439669012E02D00BE00220DE
:1032400070BD21F004061169314321F00206516975
:10325000314341F00101615180F8DD30002180F8F7
:10326000DC10084670BD000070B5040013D0216862
:103270004CF6CC400860216845F255500860D4E90E
:10328000000141602168A0688860FFF70DF90546DC
:1032900041F601060DE0012070BD00BFFFF704F903
:1032A000401BB04205D92068C068400701D0032008
:1032B00070BD2068C0684007F0D120680269E168ED
:1032C0008A4201D0016102E04AF6AA210160002091
:1032D00070BD00684AF6AA21016000207047000016
:1032E0000248816842681144816070474C010020A7
:1032F00010B50024032000F073F80F2000F008F848
:1033000008B1012401E000F025F8204610BD0000BE
:1033100070B50E4E05460024706898B14FF47A716E
:10332000B1FBF0F00A490968B1FBF0F000F0B4FD20
:1033300040B9102D06D200222946501E00F030F868
:10334000356000E00124204670BD00004C010020E3
:10335000580100200A4882B0016E41F00101016667
:10336000016E01F001010091816D41F08051816594
:10337000806D00F08050009002B000F0A1B8000015
:1033800000100240002809DB00F01F0201219140DB
:103390004009800000F1E020C0F8001170470000F3
:1033A000F0B40E4B1B680C46C3F30223C3F10705B0
:1033B000042D00D90425191D072901D2002300E09E
:1033C000DB1E012606FA05F1491E214099409E4068
:1033D000761E16403143F0BC05F0E9BF0CED00E06D
:1033E000064900F0070208684FF6FF03184040EA5C
:1033F0000220034A10430860704700000CED00E013
:103400000000FA052B492C4B0A6832214A432B490C
:1034100040B1B0F5007F086829D020F4C06040F4C6
:1034200080602CE00868C0F34120022804D051F8E5
:10343000800F20F4807022E0D1F8800020F48070AA
:10344000C1F88000086820F4C06040F40070086093
:10345000B2FBF3F0401C00E0401E4A69520501D562
:103460000028F9D1486940050AD503207047C0F308
:103470004120022806D051F8800F40F48070086087
:1034800000207047D1F8800040F48070C1F88000BF
:10349000086820F4C06040F400700860B2FBF3F0EC
:1034A000401C00E0401E4A695205DBD50028F9D1D6
:1034B000D8E700005801002040420F000070004093
:1034C0000248816841F4804181607047007000408B
:1034D0002DE9F843044600680026BB4D00035ED585
:1034E000A86D0027C00008D4A86D40F08050A865E2
:1034F000A86D012700F080500090DFF8D092D9F835
:10350000001041F48071C9F80010FEF7CDFF80462D
:1035100006E000BFFEF7C8FFA0EB080002282BD88A
:10352000D9F80000C005F5D5D5F8900010F440702A
:1035300014D0216D814211D0D5F89000D5F89010AB
:1035400020F4407041F48031C5F89010D5F8901007
:1035500021F48031C5F89010C5F89000C00711D053
:10356000FEF7A2FF804641F2883907E0FEF79CFF94
:10357000A0EB0801494501D903260BE0D5F89000DE
:103580008007F3D5D5F89000216D20F440700843F2
:10359000C5F890001FB1A86D20F08050A865207874
:1035A000C00707D0D5F88800616820F00300084301
:1035B000C5F888002078800707D5D5F88800A1686D
:1035C00020F00C000843C5F888002078400707D594
:1035D000D5F88800E16820F030000843C5F888007D
:1035E0002078000707D5D5F88800216920F0C000B1
:1035F0000843C5F888002078C00607D5D5F88800AC
:10360000616920F440700843C5F88800207880067E
:1036100007D5D5F88800A16920F440600843C5F8B3
:1036200088002078400607D5D5F88800E16920F4A5
:1036300040500843C5F888002078000607D5D5F823
:103640008800216A20F440400843C5F8880020889B
:10365000C00507D5D5F88800616A20F440300843DA
:10366000C5F888002068800307D5D5F89C00A16ABA
:1036700020F003000843C5F89C002088800507D58A
:10368000D5F88800E16A20F440200843C5F8880096
:10369000208840050FD5D5F88800216B20F4401014
:1036A0000843C5F88800206BB0F5801F03D1E86897
:1036B00040F48010E860208800050FD5D5F8880018
:1036C000616B20F440000843C5F88800606BB0F5DA
:1036D000800F03D1E86840F48010E8602088C004BF
:1036E0000FD5D5F88800A16B20F040700843C5F8CD
:1036F0008800A06BB0F1807F03D1E86840F48010AF
:10370000E86020884FF0006180040ED5D5F888006D
:10371000E26B20F040601043C5F88800E06B8842FF
:1037200003D1E86840F48010E860208840040ED59A
:10373000D5F88800226C20F040601043C5F888005E
:10374000206C884203D1E86840F48010E86020884B
:1037500000040FD5D5F88800616C20F04050084374
:10376000C5F88800606CB0F1805F03D1E86840F470
:103770008030E8602068C0030FD5D5F88800A16CC0
:1037800020F040400843C5F88800A06CB0F1804F9D
:1037900003D1E86840F48030E860206840030FD52A
:1037A000D5F89C00E16C20F440100843C5F89C005B
:1037B000E06CB0F5001F03D1E86840F48010E860C9
:1037C0003046BDE8F8830000001002400070004061
:1037D00008214FF48072202004F05EB92DE9F047F3
:1037E0000E4605004FF0000725D0DFF8AC81D8F871
:1037F000000000F00F00B0420CD2D8F8001021F009
:103800000F013143C8F80010D8F8000000F00F0095
:10381000B04210D12968614CC80741F2883A5AD0A9
:103820006868DFF87C91032808D0022820682DD032
:10383000400500282CDB0120BDE8F08720688001CE
:10384000F9D5E06800F00302E068C0F30310401C03
:10385000032A19D0534A00BFB2FBF0F0E268C2F36A
:1038600006225043E268C2F34162521C5200B0FB90
:10387000F2F0484517D9A06810F0F00F0CD0880777
:1038800011D5A86840B10EE0474AE5E78003D0E7CC
:1038900000F0BEF8484506D9A06820F0F00040F0DE
:1038A0008000A0608027A068696820F003000843BA
:1038B000A060FEF7F9FD814606E000BFFEF7F4FDCB
:1038C000A0EB090151453AD8A068696800F00C00E6
:1038D000B0EB810FF2D12868810714D5400703D5DA
:1038E000A06840F4E060A0602878000705D5A068D3
:1038F00020F4605040F4E060A060A068A96820F067
:10390000F000084304E0802F03D1A06820F0F0000D
:10391000A060D8F80010404601F00F01B14216D95E
:10392000016821F00F0131430160FEF7BDFD07463C
:1039300007E000BFFEF7B8FDC11B514501D90320C8
:103940007AE7D8F8000000F00F00B042F2D12878F2
:10395000400705D5A068E96820F4E0600843A0604E
:103960002878000706D5A068296920F4605040EA4D
:10397000C100A06000F04CF8A1680C4AC1F303112B
:10398000515C01F01F01C8400949086009480068FE
:10399000BDE8F047FFF7BCBC002002400010024029
:1039A00000B4C4040024F40000127A004CA3000800
:1039B000580100204C0100200248016841F4002118
:1039C0000160704700100240054806490068896898
:1039D000054AC1F30221515C01F01F01C840704744
:1039E00058010020001002405CA300080548064969
:1039F00000688968054AC1F3C221515C01F01F01CA
:103A0000C840704758010020001002405CA3000825
:103A1000184910B58868C0F381021748012A0BD0F5
:103A20008A684310C2F38102022A06D08A68C2F370
:103A30008102032A03D0002010BD184610BDCA68B9
:103A400002F00304CA68C2F30312521C032C02D012
:103A5000B0FBF2F001E0B3FBF2F0CA68C968C2F350
:103A600006225043C1F34161491C4900B0FBF1F00B
:103A700010BD0000001002400024F40010B5044CFA
:103A8000E069C00503D5FFF7A3FEA015206210BDB5
:103A9000001002402DE9F84304007AD02078F84D58
:103AA000C00747D0A868E96800F00C0001F00301E6
:103AB0000C2802D0082817D001E0032914D0606830
:103AC000B0F5803F17D0B0F5A02F286817D020F4AC
:103AD00080302860286820F4802028606068E0B189
:103AE000FEF7E2FC064614E02868800322D56068F1
:103AF0000028D2D01EE0286840F48030EDE740F482
:103B000080202860F7E700BFFEF7CEFC801B64280A
:103B100070D828688003F7D50CE0FEF7C5FC064690
:103B200005E000BFFEF7C0FC801B6428F0D82868C1
:103B30008003F7D4207880074CD5A868E96800F0A6
:103B40000C0001F003010C2802D004280DD001E084
:103B500002290AD0E068002828682BD040F4807041
:103B60002860FEF7A1FC064619E02868400502D54A
:103B7000E068002891D06868217C20F0FE4040EA8F
:103B800001606860BF480068FFF7C2FB002800D1F1
:103B900020E072E1FEF788FC801B0228B8D8286874
:103BA0004005F7D56868217C20F0FE4040EA0160BE
:103BB00068600FE020F480702860FEF775FC064610
:103BC00005E000BFFEF770FC801B0228A0D8286823
:103BD0004005F7D42078000729D560690028D5F87A
:103BE000940013D040F00100C5F89400FEF75CFC8F
:103BF000064606E090E000BFFEF756FC801B022858
:103C000086D8D5F894008007F6D510E020F00100A2
:103C1000C5F89400FEF748FC064604E0FEF744FCB5
:103C2000801B022878D8D5F894008007F6D4207835
:103C3000400761D5A86D0026C00008D4A86D40F0EB
:103C40008050A865A86D012600F0805000908E4835
:103C50000168C90511D40168804641F48071016092
:103C6000FEF722FC074604E0FEF71EFCC01B0228FC
:103C700052D8D8F80000C005F6D5A068012815D0A4
:103C80000528D5F8900016D020F00100C5F8900066
:103C9000D5F8900020F00400C5F89000A06841F22B
:103CA0008838B8B1FEF700FC07460EE0D5F8900062
:103CB00040F00100F0E740F00400C5F89000F5E79F
:103CC000FEF7F2FBC11B414526D8D5F890008007CE
:103CD000F6D50CE0FEF7E8FB074604E0FEF7E4FB50
:103CE000C11B414518D8D5F890008007F6D41EB105
:103CF000A86D20F08050A8652078800629D5A0699D
:103D00000028D5F8980013D040F00100C5F89800BD
:103D1000FEF7CAFB064606E075E000BFFEF7C4FBEF
:103D2000801B02286FD8D5F898008007F6D510E0E0
:103D300020F00100C5F89800FEF7B6FB064604E047
:103D4000FEF7B2FB801B02285DD8D5F898008007EB
:103D5000F6D4E069F0B3A968C1F3810103295DD00D
:103D60000228286820F08070286003D0FEF79CFBB2
:103D700004464BE0FEF798FB064604E0FEF794FB92
:103D8000801B02283FD828688001F7D4F4E9080195
:103D90006FF00F0202EB01110843218A5204490817
:103DA00002EB4151A26841EA02210843217D4FF014
:103DB0007E42490802EB41610843217B40EAC16031
:103DC000E968324A11400843E860286840F0807092
:103DD000286000E05EE0E86840F08070E860FEF790
:103DE00063FB044605E000BFFEF75EFB001B0228F4
:103DF00009D828688001F7D54CE000BFFEF754FBD6
:103E0000001B022802D90320BDE8F883286880013E
:103E1000F4D4E8681E490840E8603BE00128F3D08C
:103E2000E868226A00F00301914226D1616A00F03D
:103E3000F0020901103991421FD1A26A00F4FE413B
:103E4000B1EB022F19D194F82C2000F07841B1EB9E
:103E5000C26F12D1218E00F4C00249084905A1F5B4
:103E60000011914209D194F8341000F0C060490863
:103E70004906A1F1007181420CD00120C4E7000085
:103E8000001002404C010020007000400C809F0197
:103E9000FCFFEEFE0020B7E710B5401EB0F1807FBA
:103EA00001D3012010BD4FF0E02460610F216017A5
:103EB00005F07DFA0020A06107202061002010BDE0
:103EC00090F88410012918D0012180F88410242151
:103ED000C0F8881001680A680B6823F001030B60C2
:103EE00022F0005100224266036819602021C0F8C8
:103EF000881080F88420104670470220704770B503
:103F0000044690F8840001281DD0012084F8840024
:103F10002420C4F8880020680568026822F00102A5
:103F200002602068826822F060620A438260204654
:103F300004F068FF206805602020C4F88800002095
:103F400084F8840070BD022070BD70B5044690F8FE
:103F5000840001281DD0012084F884002420C4F8A6
:103F6000880020680568026822F00102026020686B
:103F7000826822F060420A438260204604F042FFD9
:103F8000206805602020C4F88800002084F88400A0
:103F900070BD022070BD10B5040003D0D4F88800B5
:103FA00010B107E0012010BD002084F884002046F5
:103FB00000F026F82420C4F888002068016821F069
:103FC00001010160A06A10B1204604F03DFF2046C7
:103FD00005F01EF80128E6D02068416821F49041E0
:103FE00041602068816821F02A01816020680168B1
:103FF00041F0010101602046BDE8104004F088BF97
:1040000030B59BB00446142115A8FCF763FA54217F
:104010006846FCF75FFA16492068884225D10225D8
:104020000024684600950294FFF752FA08B1FCF7A5
:104030006FFE1048816D41F400318165816D01F49E
:1040400000311A91C16C41F00801C164C06CCDE926
:10405000165400F008001A90602015900720CDE952
:10406000184015A90448FEF7FBF81BB030BD00004E
:104070000044004000100240000C00482DE9F84FB9
:104080000446D0F88800984615460E46202802D0EF
:104090000220BDE8F88F96B38DB30020C4F89000DD
:1040A0004FF02109C4F888901834FEF7FDF9A58770
:1040B0008246E58754F8100C183CB0F5805F01D1BA
:1040C000206910B13546002600E000255FF020078A
:1040D000B4F8560053464FF00002CDF80080D8B136
:1040E0008021204605F0E0F8D8B955B115F8010B4C
:1040F00021688862D4F8881039EA010006D00120CE
:10410000C7E736F8020BC0F30800F1E7B4F8560031
:10411000401EA4F85600DBE74021204605F0C4F815
:1041200018B1C4F888700320B3E7C4F88870002081
:10413000AFE70000FF210148FEF792BD74080020A0
:10414000072912D2DFE801F00A12181E242A0400FF
:104150000068D0F8841341F0010104E00068D0F851
:10416000841341F00201C0F8841370470068D0F84E
:10417000841341F00401F6E70068D0F8841341F09D
:104180000801F0E70068D0F8841341F01001EAE775
:104190000068D0F8841341F02001E4E70068D0F80B
:1041A000841341F04001DEE770B506460068D0F8A0
:1041B0008853D0F89043E90707D0E10705D00121E3
:1041C000C0F88C133046FEF784FBA80708D5A0077B
:1041D00006D531680220C1F88C033046FEF77AFB21
:1041E000680708D5600706D531680420C1F88C033C
:1041F0003046FEF770FB280708D5200706D5316842
:104200000820C1F88C033046FEF76AFBE80608D5A3
:10421000E00606D531681020C1F88C033046FEF761
:1042200060FB680608D5600606D531684020C1F8F5
:104230008C033046FEF756FBA80608D5A00606D527
:1042400031682020C1F88C033046FEF74EFE70BD69
:1042500070B503681A68D3F8A0534C6922F02002A5
:104260002646144324F0C002202E2BD08C69022C49
:1042700028D0032C2BD0042C2ED022F0E00200BF3B
:1042800022F40064CA69224322F480640A6A224349
:1042900022F0C0644A6A224322F000648A6A224300
:1042A000CC6A22F0404242EA840222F000544A6B77
:1042B000096B224325F4803421431A600068C0F85A
:1042C000A01370BD22F0C00242F02002D8E722F015
:1042D000800242F04002D3E722F0400242F0800226
:1042E000CEE72DE9F04704460068D0F88883D0F87F
:1042F00090734668C5685FEAC8314FF001090DD573
:10430000F9030BD54FF48031C0F88C1384F8DD909D
:10431000002084F8DC002046FEF762FA5FEA88306D
:1043200009D5B80307D521684FF40030C1F88C03D4
:104330002046FEF74DFAF00708D0E80706D02168BE
:10434000C1F8089006212046FEF745FAB00708D5C7
:10435000A80706D521680220886006212046FEF7BE
:104360003BFA700708D5680706D5216804208860E5
:1043700006212046FEF731FA300708D5280706D572
:1043800021680820886006212046FEF727FAF006FB
:1043900008D5E80606D52168102088600621204649
:1043A000FEF77CFDB00607D5A80605D521682020BC
:1043B00088602046FEF798FD700608D5680606D589
:1043C00021684020886006212046FEF766FDBDE892
:1043D000F087F0B50024E426056806EBC11755F810
:1043E00007C0B82606EBC116AE59402A20D00EDC15
:1043F000082A2CD006DC012A1AD0022A27D0042A47
:1044000031D115E0102A13D0202A2CD11FE0B2F5AB
:10441000007F1CD005DC802A19D0B2F5807F22D124
:1044200006E0B2F5806F03D0B2F5006F1BD10EE04D
:104430004FF0BC0E0EEBC11E5A6845F80E204FF02F
:10444000C00E05680EEBC1119A686A500BE0C424D7
:1044500004EBC1145A682A51C825046805EBC11140
:104460009A6862501024FE21A1401A682CEA010CBF
:10447000A240D96842EA0C02A14011431A69D3F85C
:1044800014C01546A2400A430CFA04FC99694CEA90
:10449000020CA14041EA0C01082D06D1B20504D45A
:1044A000B20102D4DA69A24011430068C151F0BDE3
:1044B0002DE9F041074688460068842202EBC811C6
:1044C00046588C2202EBC81145584FF08802F3077A
:1044D00002EBC81407D0E90705D00121015141467C
:1044E0003846FEF778F9B00708D5A80706D5396829
:1044F0000220085141463846FEF76EF9700708D58C
:10450000680706D539680420085141463846FEF749
:1045100064F9300708D5280706D5396808200851FE
:1045200041463846FEF75AF9F00608D5E80606D5A2
:1045300039681020085141463846FEF7AFFC700636
:1045400008D5680606D539684020085141463846E6
:10455000FEF7A3FC300608D5280606D5396880206A
:10456000085141463846FEF734F9F00509D5E8050B
:1045700007D539684FF48070085141463846FEF738
:1045800029F9B00509D5A80507D539684FF4007099
:10459000085141463846FEF75CFC700509D56805B0
:1045A00007D539684FF48060085141463846FEF718
:1045B0004FFC300509D5280507D539684FF4006050
:1045C000085141463846FEF746FCF00409D5E80498
:1045D00007D539684FF48050085141463846FEF7F8
:1045E00039FCB00409D5A80407D539684FF4005048
:1045F000085141463846FEF7F2F8700409D56804C0
:1046000007D539684FF48040085141463846FEF7D7
:104610005FF9BDE8F08100002DE9F04F80240368C8
:1046200004EBC1169C5924F070449C5103689A46CF
:104630009D59E82404EBC114A64653F80490E424E1
:1046400004EBC114A3461C59D3F8A033576925F0D5
:1046500020053D43202F24D09769022F21D0032F1E
:1046600024D0042F27D025F4D07500BF25F400678F
:10467000D5693D4325F48067156A3D4325F0C06741
:10468000556A3D4325F00067956A3D4325F0704724
:10469000D56A3D43576B25F40035B7F1005F0FD065
:1046A00010E025F4C07545F02005DFE725F480759E
:1046B00045F08005DAE725F0800545F48075D5E7FB
:1046C00045F4003525F04007956BD2F850802F4314
:1046D00027F4802C976D47EA0C07DFF8D0C007EA73
:1046E0000C0748EA070892F83C7029F03F0C07F0E5
:1046F0003F0747EA0C0727F0004C176C47EA0C0706
:1047000025B924F4807C546C44EA0C04D2F848C0E7
:10471000BCF5606F02D0BCF5F05F01D1402D03D134
:1047200024F4F0544CEA040424F48045D46C2C4363
:10473000556D062927D2DFE801F003090F151B216B
:10474000126B23F4003343EA42031CE0126B23F4A0
:10475000802343EA820316E0126B23F4002343EA2A
:10476000C20310E0126B23F4801343EA02130AE041
:10477000126B23F4001343EA421304E0126B23F498
:10478000800343EA82134AF80680066846F80E70F2
:10479000066846F80B40D424026804EBC11155505A
:1047A0000068C0F8A033BDE8F08F0000FFFF06FEF0
:1047B0004FF48061082003F0CFF9FEE7064807496F
:1047C0000068884201D1012100E000210448017005
:1047D000002141707047000074080020006801400B
:1047E00000000020074810B500680749884204D13E
:1047F0004FF47C710348FEF799FC0449002048708F
:1048000010BD000074080020006801400000002076
:10481000F7EE000A30EEC00ADFED060A20EE200AAD
:10482000F6EE000A30EE200ABCEEC00A10EE100AC6
:1048300080B2704700D00447034900204870034904
:104840004FF47C700860704700000020986B0140B6
:1048500070B514481449006888420CD1134D28786B
:1048600048B100F025F830B944F2682002461146FC
:1048700000F044F808B1012070BD4FF47C71094884
:10488000FEF73CFC040003D0FFF7ACFF204670BDF0
:1048900000F00EF810B1FFF7A5FFECE701206870FB
:1048A000002070BD74080020006801400000002056
:1048B00004480068D0F88803C04340F38000401CDF
:1048C0007047000074080020B4EE400AF1EE10FAC0
:1048D0000BD110EE100AB0F1FF4F06DA10EE100AFD
:1048E00010F5000F01D20120704700207047000032
:1048F00001484078704700000000002030B50F4BA1
:104900000F4C1B68A3420FD140F2A464A0420BD30A
:1049100047F62C65A84207D8A14205D3A94203D87F
:10492000A24201D3AA4201D9012030BDC3F89C01A3
:10493000C3F81C12C3F89C22002030BD740800206C
:104940000068014070B52DED048BB0EE418AF0EEA9
:10495000608AB0EE409AFFF7B7FF18B3B0EE680A6E
:10496000FFF7B2FFF0B1B0EE480AFFF7ADFFC8B1F4
:1049700019EE101A1848814214DB19EE102A174953
:104980008A420FDC18EE902A82420BDB18EE902A46
:104990008A4207DC18EE102A824203DB18EE100A66
:1049A000884203DDBDEC048B012070BDB0EE480AE7
:1049B000FFF72EFF0546B0EE680AFFF729FF044611
:1049C000B0EE490AFFF724FFBDEC048B2A462146CE
:1049D000BDE87040FFF792BFCDCC4C3D3333733F01
:1049E0002DE9F04387B00F46DDE90E5481461E469F
:1049F00090461C216846FBF76DFDB9F1000F04D00D
:104A0000A54202D2B4F5805F03D3012007B0BDE810
:104A1000F0830097CDE9018601208DF80C0000207D
:104A20000494CDE9055069464846FCF775FAEDE770
:104A30002DE9F74F82B0924602988B46F0B3BBF156
:104A4000000F47D0BAF1000F44D02848017801295F
:104A50000ED002290CD0448F858F254B4FF4400295
:104A60002449CDE900450298FFF7BAFF30BB03E0C7
:104A7000002005B0BDE8F08FDFF880904FF0E078BF
:104A80001D4B42464946CDE900450298FFF7A8FF75
:104A9000A0B9174B4FF4400216495846CDE90045DE
:104AA000FFF79EFF50B9164B464642464F464946D1
:104AB0005846CDE90045FFF793FF00E00AE048B90A
:104AC000104B4FF440020B495046CDE90045FFF72B
:104AD00087FF08B10120CCE70B4B324639465046E0
:104AE000CDE90045FFF77CFFC3E700007C01002013
:104AF000001060320000C07D8000501DFFFF1700D5
:104B000002003004002090360008302E10B50188D5
:104B10005C4B00EE101AA3F19C021988F8EE400AD3
:104B200000EE101A92F92C10B8EE400A30EEC00ACE
:104B3000D2ED050A60EE200A00EE101A02F14001E3
:104B4000B8EEC00A20EE800A81ED030A448800EE28
:104B5000104A5C88F8EE400A00EE104A92F92D40A7
:104B6000B8EE400A30EEC00AD2ED060A60EE200A26
:104B700000EE104AB8EEC00A20EE800A81ED040A69
:104B8000848800EE104A9C88F8EE400A00EE104A35
:104B900092F92E40B8EE400A30EEC00AD2ED070A74
:104BA00060EE200A00EE104AB8EEC00A20EE800A3D
:104BB00081ED050AC48800EE104ADC88F8EE400A50
:104BC00000EE104A92F92F40B8EE400A30EEC00ACB
:104BD000D2ED080A60EE200A00EE104AB8EEC00AD4
:104BE00020EE800A81ED060A048900EE104A1C8935
:104BF000F8EE400A00EE104A92F93040B8EE400A52
:104C000030EEC00AD2ED090A60EE200A00EE104A2A
:104C1000B8EEC00A20EE800A81ED070A408900EE56
:104C2000100A5889F8EE400A00EE100A92F9310095
:104C3000B8EE400A30EEC00AD2ED0A0A60EE200A51
:104C400000EE100AB8EEC00A20EE800A81ED080AD4
:104C500091ED030AD1ED040A30EE200AD1ED050AE8
:104C600030EE200A81ED090A91ED060AD1ED070A1E
:104C700030EE200AD1ED080A30EE200A81ED0A0A52
:104C800010BD0000180200200148C06B70470000F2
:104C9000BC010020002843D0EFF3108272B62149F6
:104CA0000B8803804B8843808B888380CB88C380AC
:104CB0000B8903814B89438191ED030A80ED030A3F
:104CC00091ED040A80ED040A91ED050A80ED050AD4
:104CD00091ED060A80ED060A91ED070A80ED070ABC
:104CE00091ED080A80ED080A91ED090A80ED090AA4
:104CF00091ED0A0A80ED0A0ACB6AC3620B6B03636B
:104D00004B6B43638B6B8363CB6BC36391F8403016
:104D100080F8403091F8411080F8411082F31088FB
:104D200070470000BC0100202DE9F0475E4E4FF0B7
:104D30000005040035704CD02078032849D86088DD
:104D4000F0B3A088E0B3E088D0B394F8320006282E
:104D50003FD294F8380098B3618FA08F814238D247
:104D60004FF48051884234D294F83E0040B300277B
:104D70004FEA010804EB47000089404529D204EBC3
:104D8000870999ED050A00F093F8C8B199ED050A75
:104D9000B5EEC00AF1EE10FA1BD9E01990F92C001B
:104DA000012801D0401C14D17F1CFFB2062FE1D393
:104DB0002078022810D194ED0D0A00F079F800E077
:104DC00007E030B194ED0D0AB5EEC00AF1EE10FA2D
:104DD00002D10020BDE8F087402221463348FBF78E
:104DE00047FB3148001D05804580001D058045803A
:104DF000001D058045802D4844214030FBF76AFBAB
:104E00002A4820212038FBF765FB284818218430E8
:104E1000FBF760FB25486030C56305644564B562F7
:104E2000B58535617561B561F56135621F4975629A
:104E30007580203994F83200887694ED0D0A0020B0
:104E400081ED050A04EB4002128921F81020401C74
:104E5000C0B20628F6D3154D20784035012205F161
:104E60005C03022802D0032811D00DE05FF000009F
:104E700004EB4001098923F81010401CC0B2062839
:104E8000F6D300BF85F8402032700120A2E7002051
:104E900004EB40073F8923F81070401CC0B206287D
:104EA000F6D3CA760A77EDE7040000207C010020E3
:104EB00010EE100AC0F3C750FF2801D00120704740
:104EC0000020704700280BD0EFF3108172B6054A1E
:104ED000D36B0343D363002082F8410081F3108831
:104EE00070470000BC01002002490A69521C0A6197
:104EF00000F090B80400002002494A69521C4A613F
:104F000000F088B80400002002498A69521C8A61B6
:104F100000F080B80400002070B51F49A1F1200402
:104F200091F83220E37E002B34D101F1840330F874
:104F3000120053F82250054443F82250174B58886A
:104F4000401C80B2588020838B88834222D8B5FBD6
:104F5000F3F0A081A08901F19C0333F81220801A9C
:104F600001D5424200E002460125E576CB88934216
:104F700010DC00EE100AD1ED0D0AB8EEC00A80EE8A
:104F8000801A84ED041A94ED040AFFF791FF0028BB
:104F900000D0257770BD00007C01002004000020B7
:104FA00070B51A4C94F8401000292ED104F1440237
:104FB00030F8115052F821302B4442F82130491C6E
:104FC000C9B20629F4D312494888401C80B24880EF
:104FD0000E496039088301F120035D88854214D8A9
:104FE000002001F1BC0600BF52F82030B3FBF5F3FE
:104FF00026F8103021F81030401CC0B20628F3D338
:105000000120C876087784F8400070BDBC010020FC
:10501000040000202DE9FE4F04467D4803694269E3
:1050200081690578E5B10546D0F81CC0D5E9087658
:10503000784D4FF0000A634503D0BA4201D0B14227
:1050400011D195F83800A3EB0C03834205D8D21B8D
:10505000824202D8891B814202D90120FFF732FF28
:105060000020BDE8FE8F6A4E361D3788ADF800700F
:10507000371DB7F800C0ADF802C006F1080CBCF847
:105080000080ADF804807688ADF806607E88ADF8C3
:105090000860BCF80260ADF80A60C361C0E908218D
:1050A000DFF87091BDF8006009F140094846A9F8A1
:1050B0000060BDF80260A9F80260BDF80460A9F8BC
:1050C0000460BDF80660A9F80660BDF80860A9F89C
:1050D0000860BDF80A60A9F80A60C9F82C30C9F860
:1050E0003020C9F83410D9F83810491C81630026E3
:1050F0004FF480574FEA0D0838F81600B84202D333
:105100000420FFF7DFFE761CF6B2062EF4D32A78D1
:10511000F2B3032A59D0012A74D06846FFF7FCFE87
:1051200099F840004D4610B16846FFF7EFFC95F83E
:10513000400008B1E86B60B35FF0000085F8410003
:1051400044B32888208068886080A888A080E88888
:10515000E080288920816889608195ED030A84EDCB
:10516000030A95ED040A84ED040A95ED050A84ED21
:10517000050A95ED060A84ED060A95ED070A84ED09
:10518000070A95ED080A84ED080A95ED090A02E080
:105190001BE03BE017E084ED090A95ED0A0A84ED77
:1051A0000A0AE86AE062286B2063686B6063A86B98
:1051B000A063E86BE06395F8400084F8400095F840
:1051C000410084F8410001204BE7114900206E8F17
:1051D00095F83E70283100BF38F810309E4203D257
:1051E000B5F83CC09C4505D80B5CBB4204D25B1CA7
:1051F0000B5401E001F800A0401CC0B20628EBD31C
:10520000002A8DD16846FFF7CBFE89E7012095E79C
:10521000040000207C010020002831D0EFF3108230
:1052200072B6184991ED000A80ED000A91ED010A6D
:1052300080ED010A91ED020A80ED020A91ED030A68
:1052400080ED030A91ED040A80ED040A91ED050A50
:1052500080ED050A91ED060A80ED060A91ED070A38
:1052600080ED070A91ED080A80ED080A4B6A436257
:105270000B8D038591F82A1080F82A1082F310888C
:10528000704700002402002070B5674C8CB00026E7
:10529000054626709FED650A2C2184ED010A84EDF8
:1052A000020A84ED030A84ED040AE661266266625E
:1052B000668084ED050A84ED060A6846FBF70AF964
:1052C0002C225B496846FBF7D3F85A489DED000A4B
:1052D00080ED000A9DED010A80ED010A9DED020AB4
:1052E00080ED020A9DED030A80ED030A9DED040A9C
:1052F00080ED040A9DED050A80ED050A9DED060A84
:1053000080ED060A9DED070A80ED070A9DED080A6B
:1053100080ED080A09994162BDF8281001859DF8C1
:105320002A1080F82A10EDB395ED000A00F088F8F5
:10533000C0B395ED010A00F083F898B395ED030A28
:1053400000F07EF870B395ED000AB5EEC00AF1EEFC
:1053500010FA58D995ED010AB5EEC00AF1EE10FA2F
:1053600051D995ED030AB5EEC00AF1EE10FA4AD90B
:1053700010EE100AB0F17E5F45DC296991B16869D1
:1053800080B184ED030A00EE101A9FED2B1AF8EE9F
:10539000400A00EE100AB8EE400A60EE800A81EE84
:1053A000200A00E02FE0606284ED060A00F048F871
:1053B00048B394ED060AB5EEC00AF1EE10FA22D910
:1053C00095ED010ADFED1D0A20EE200AF0EE000A3D
:1053D00084ED010A60EE200A95ED001A80EE810A44
:1053E00084ED020A00F02CF868B194ED020AB5EEE3
:1053F000C00AF1EE10FA06D9D4ED030AB4EEE00AC1
:10540000F1EE10FA02DD00200CB070BD95ED000A3F
:10541000012084ED040A2070287A00F06FF808B1AA
:105420000120F1E72670EEE73400002000000000C4
:105430001C9B00082402002000007A44EC05513F28
:10544000B4EE400AF1EE10FA0BD110EE100AB0F1F2
:10545000FF4F06DA10EE100A10F5000F01D20120FE
:10546000704700207047000000B520488BB0002135
:105470009FED1F0AC16180ED050A2C216846FBF7EC
:1054800029F82C221B496846FAF7F2FF1A489DEDCD
:10549000000A80ED000A9DED010A80ED010A9DEDF4
:1054A000020A80ED020A9DED030A80ED030A9DEDDC
:1054B000040A80ED040A9DED050A80ED050A9DEDC4
:1054C000060A80ED060A9DED070A80ED070A9DEDAC
:1054D000080A80ED080A09994162BDF82810018583
:1054E0009DF82A1080F82A100BB000BD340000206F
:1054F00000000000489B00082402002070B50D4DFC
:1055000004462878002804D01E2C03D03C2C01D05F
:10551000002070BD00206A6A41084FEA3203181863
:1055200061410023FAF7E8FE28620028F1D06C8080
:10553000012070BD3400002010B5254C2DED048BEA
:10554000B0EE608AF0EE408A2078A8B394ED050AA8
:10555000B5EEC00AF1EE10FA2EDCB0EE680AFFF7E5
:105560006FFF48B3B0EE480AFFF76AFF20B3F5EECD
:10557000C08AF1EE10FA1FD9B5EEC08AF1EE10FA2A
:105580001AD99FED140A28EE009AB0EE000A29EE0F
:10559000000A80EE288AB0EE480AFFF751FF58B1A2
:1055A000B5EEC08AF1EE10FA06D994ED030AB4EE16
:1055B000C08AF1EE10FA03DD0020BDEC048B10BDB3
:1055C000C4ED048A84ED019A84ED028A0120F4E797
:1055D00034000020EC05513F20F00041B1F1804F34
:1055E00001D9C1F100410A0E402A02D3B7EE000AE8
:1055F00014E021F07F4100EE101A0C49DFED0A0A99
:10560000B8EE400A01EB820191ED011A60EE200A2A
:1056100091ED000A31EE401A01EE200A002801DA6D
:10562000B1EE400A7047000000008033189A00086D
:1056300070B504007ED0514D287800287AD095EDC1
:10564000050A4FF07E5110EE100A88420DDAD5EDB2
:10565000060A30EE200A10EE100A85ED050A88428F
:1056600003DDB7EE000A85ED050AE869FFF7B4FF30
:1056700084ED000AE869A0F15530FFF7ADFF84ED35
:10568000010AE86900F15530FFF7A6FF84ED020A30
:10569000D5ED010A95ED051AD4ED001A60EE810AE8
:1056A00061EEA01A20EE200AC4ED031A94ED012A3F
:1056B00022EE202A84ED042A84ED050A95ED040AE1
:1056C00084ED060A95ED020A20EE010A84ED070A30
:1056D00084ED081AE869606268882085012084F8F2
:1056E0002A00B0EE610AFFF7ABFEE8B394ED040ABE
:1056F000FFF7A6FEC0B394ED050AFFF7A1FE98B32D
:105700001F4894ED000A80ED000A94ED010A80ED37
:10571000010A94ED020A80ED020A94ED030A80ED7D
:10572000030A94ED040A80ED040A94ED050A80ED65
:10573000050A00E01BE094ED060A80ED060A94EDF0
:10574000070A80ED070A94ED080A80ED080A616AED
:105750004162218D018594F82A1080F82A10D5E93C
:1057600007010844E86100E003E0012070BD00206B
:1057700070BD002084F82A00F9E700003400002002
:105780002402002010B501F0F7FEFFF755F8054898
:10579000B6EE000A80ED0C0A80ED0D0A80ED0E0ACF
:1057A00010BD00002403002010B5002841D00029BE
:1057B0003FD0002A3DD0002B3BD0384B38481C78D6
:1057C000C4B3B7EE000A80ED000A118800EE101A8B
:1057D000B8EE400A80ED010A518800EE101AB8EECA
:1057E000400A80ED020A918800EE101AB8EE400AD5
:1057F00080ED030AD18800EE101AB8EE400A80ED61
:10580000040A118900EE101AB8EE400A80ED050A6C
:10581000518900EE101AB8EE400A80ED060A92EDAA
:105820000F0A00BFB8EE400A80ED070A84F00100BD
:10583000187010BDFFE79FED1B0A80ED000A4A8833
:1058400000EE102AB8EE400A80ED010A8A8800EEC8
:10585000102AB8EE400A80ED020ACA8800EE102A2B
:10586000B8EE400A80ED030A4A8900EE102AB8EE2D
:10587000400A80ED040A8A8900EE102AB8EE400A38
:1058800080ED050ACA8900EE102AB8EE400A80EDC4
:10589000060A498A00EE101AC4E700003C01002005
:1058A0005804002000000000002851D0EFF31082BF
:1058B00072B6284991ED000A80ED000A91ED010AC7
:1058C00080ED010A91ED020A80ED020A91ED030AD2
:1058D00080ED030A91ED040A80ED040A91ED050ABA
:1058E00080ED050A91ED060A80ED060A91ED070AA2
:1058F00080ED070A91ED080A80ED080A91ED090A8A
:1059000080ED090A91ED0A0A80ED0A0A91ED0B0A71
:1059100080ED0B0A91ED0C0A80ED0C0A91ED0D0A59
:1059200080ED0D0A91ED0E0A80ED0E0A91ED0F0A41
:1059300080ED0F0A91F8403080F8403091F8413006
:1059400080F8413091F8421080F8421082F31088BC
:105950007047000024030020044810B5007918B1F6
:1059600000F006F8002800D0012010BDB000002093
:1059700005480079022805D0032803D0042801D067
:105980000020704701207047B000002010B50121B1
:105990002448FCF77FFD58B100222349002003462C
:1059A000CC793CB14C79A24217D04A714B811CE0B2
:1059B0000122F2E712B10B81002010BD08891E28D8
:1059C00004D2401C80B208811E28F5D30120C87182
:1059D0004B718B714B818B81EEE74C891E2C04D26D
:1059E000641CA4B24C811E2C0BD08A79002AE4D00E
:1059F0008A894FF6FF739A42DFD28A89521C8A81C4
:105A000010BD8C798A710AB18B81F6E7002CF7D032
:105A10008A8940F2B634323AA24200D801208B8102
:105A200010BD0000000C0048B0000020044810B574
:105A3000007918B100F006F8002800D0012010BD50
:105A4000B000002005480079012805D0032803D0C4
:105A5000042801D00020704701207047B0000020CA
:105A600070B514460E46050047D0002E45D0002CD8
:105A700043D0AA8804230321012000F081FF2A8853
:105A800004230B21012000F07BFF6A8804230321FB
:105A9000022000F075FF328804230B21022000F061
:105AA0006FFF032122780223084600F069FF94ED7E
:105AB000050ADFED120A04230B2120EE200A032041
:105AC000BCEEC00A10EE102A00F05AFFD4E9012003
:105AD0000243E068052302430321042000F02EFF67
:105AE000E06A0749BDE87040B0FBF1F201FB120229
:105AF00005230B21042000F043BF70BD00007A4451
:105B0000A0860100174910B58A7842B3CA7832B32B
:105B10000A79022A05D010B390F83700F8B18869E5
:105B2000E8B1FFF7A1FCDFED100A9FED100AFFF7C7
:105B300003FDA0B1F0EE000A9FED0D0A0D48FAF743
:105B4000DBFF60B1B6EE001AF6EE000AB6EE000A10
:105B5000FEF7F8FE18B9FEF77BFE002800D0012002
:105B600010BD0000B00000200000004200007042A4
:105B70006666663F2403002000EB8100006E00F0A3
:105B8000F84070478068C0F3C00070478068C0F379
:105B9000800070478068C0F380007047C06810F4D0
:105BA000406F01D0002070470120704710B501F010
:105BB000010303EBC303C1F3015404EB830300EBC4
:105BC0008300C368034C0A400C40A3431343C360E3
:105BD00010BD0000FFFFC77D042303EAD15310B5B9
:105BE00018444369C1F3045107248C40A3438A40FD
:105BF0001343436110BD00EB8100016E21F00041B1
:105C0000114301667047000070B592B000240F94F4
:105C100010941C2168461194FAF75CFC202107A817
:105C2000FAF758FC36484FF0A041012501604FF4C7
:105C30000021C0E90114C46008210461C0E90551D4
:105C4000047744770221016280F824404FF4D46144
:105C5000C162A902016380F838508900C16380F8ED
:105C60004040FBF769FE08B1FBF752F80FA9244842
:105C70000F94FBF7A1F808B1FBF74AF82148009010
:105C8000214E4FF44000CDE9010640F6FF70CDE90A
:105C900004048DF80C50694619480694FBF73CF94A
:105CA00008B1FBF735F80620CDE90760032009901D
:105CB0007F200A900420CDE90B0407A91048FBF7C8
:105CC00057FA08B1FBF724F8104C0C20CDE9074037
:105CD00007A90B48FBF74CFA08B1FBF719F80C4879
:105CE00000904FF0E070CDE9010469460448FBF7ED
:105CF00013F9002801D0FBF70BF812B070BD0000BB
:105D0000780400200000C07D040060088000501D61
:105D1000FFFF170070B590B01C216846FAF7DAFB58
:105D2000202107A8FAF7D6FB264825490024016060
:105D3000C902C0E90114C46008210461C0E9054139
:105D4000047744770125056280F824404FF4D4613C
:105D5000C162A902016380F838508900C16380F8EC
:105D60004040FBF7E9FD08B1FAF7D2FF1648009072
:105D7000164E4FF44000CDE9010640F6FF70CDE924
:105D800004048DF80C5069460E480694FBF7C4F8DD
:105D900008B1FAF7BDFF0620CDE90760032009909E
:105DA0007F200A900420CDE90B0407A90548FBF7E2
:105DB000DFF9002801D0FAF7ABFF10B070BD00008A
:105DC00000010050E40400200000C07D40002019C4
:105DD00070B592B000240F9410941C216846119461
:105DE000FAF778FB202107A8FAF774FB3648354903
:105DF000012501604902C0E90114C4600821046161
:105E0000C0E90551047744770221016280F82440FB
:105E10004FF4CC61C162A902016380F83850890057
:105E2000C16380F84040FBF787FD08B1FAF770FFC7
:105E30000FA925480F94FAF7BFFF08B1FAF768FFDA
:105E400022480090224E4FF44000CDE9010640F672
:105E5000FF70CDE904048DF80C5069461A48069489
:105E6000FBF75AF808B1FAF753FF0620CDE90760AF
:105E7000032009907F200A900420CDE90B0407A994
:105E80001148FBF775F908B1FAF742FF114C0C20E5
:105E9000CDE9074007A90C48FBF76AF908B1FAF702
:105EA00037FF0D4800904FF0E070CDE901046946DE
:105EB0000548FBF731F8002801D0FAF729FF12B0A6
:105EC00070BD000000040050500500200000C07D9F
:105ED000001060328000501DFFFF170070B590B0B9
:105EE0001C216846FAF7F6FA202107A8FAF7F2FA19
:105EF00033483249002401604FF40021C0E9011405
:105F0000C460012508210461C0E905510477447784
:105F10000221016280F824404FF4CC61C162A902E1
:105F2000016380F838508900C16380F84040FBF776
:105F300003FD08B1FAF7ECFE22480090224E4FF420
:105F40004000CDE9010640F6FF70CDE904048DF86C
:105F50000C5069461A480694FAF7DEFF08B1FAF7C2
:105F6000D7FE0620CDE90760032009907F200A9024
:105F70000420CDE90B0407A91148FBF7F9F808B193
:105F8000FAF7C6FE114C0C20CDE9074007A90C48D2
:105F9000FBF7EEF808B1FAF7BBFE0D4800904FF0A2
:105FA000E070CDE9010469460548FAF7B5FF00281D
:105FB00001D0FAF7ADFE10B070BD00000005005032
:105FC000BC0500200000C07D0010603202003004DB
:105FD000FFFF170070B590B01C216846FAF77AFAF7
:105FE000202107A8FAF776FA3348324900240160E5
:105FF0004FF40021C0E90114C460012508210461A7
:10600000C0E90551047744770221016280F82440F9
:106010004FF4CC61C162A902016380F83850890055
:10602000C16380F84040FBF787FC08B1FAF770FEC7
:1060300022480090224E4FF44000CDE9010640F680
:10604000FF70CDE904048DF80C5069461A48069497
:10605000FAF762FF08B1FAF75BFE0620CDE90760A8
:10606000032009907F200A900420CDE90B0407A9A2
:106070001148FBF77DF808B1FAF74AFE114C0C20E5
:10608000CDE9074007A90C48FBF772F808B1FAF709
:106090003FFE0D4800904FF0E070CDE901046946E5
:1060A0000548FAF739FF002801D0FAF731FE10B0A1
:1060B00070BD000000060050280600200000C07DD2
:1060C000002090360008302EFFFF1700214808B549
:1060D000816C41F004018164816C01F00401009144
:1060E000816C41F001018164816C01F0010100913A
:1060F000816C41F002018164806C002200F002009A
:10610000009002210B20FDF74BF90B20FDF73AF927
:10611000002201210C20FDF743F90C20FDF732F994
:10612000002201213820FDF73BF93820FDF72AF93C
:10613000002201213920FDF733F93920FDF722F93A
:10614000002201213A20FDF72BF9BDE808403A2052
:10615000FDF718B9001002402DE9F04186B0142176
:106160006846FAF7B7F93048C16C41F02001C164C4
:10617000C16C01F020010591C16C41F00401C164C2
:10618000C16C01F004010591C16C41F00101C164D1
:10619000C16C01F001010591C16C41F00201C164C3
:1061A000C16C01F002010591C16C41F01001C164A4
:1061B000C16C01F010010591C16C41F00801C1648E
:1061C000C06C4FF4004400F008004FF09047059079
:1061D000002221463846FCF762F9DFF850800022A1
:1061E00080214046FCF75BF9009401AA01240025B8
:1061F000022682E8700069463846FCF731F8CDE99E
:10620000004569460A480294FCF72AF8802000906D
:1062100001AA112082E8610069464046FCF720F897
:1062200006B0BDE8F0810000001002400004004804
:10623000000C0048F0B5C1B000243D943F94379461
:106240003E9438943A943B943C94399430943194ED
:106250003294602168463394FAF73CF934943594CB
:106260001C2129A83694FAF735F9242120A8FAF739
:1062700031F9202118A8FAF72DF9FF48FD49042526
:106280008460C0E90015FCF7F5FC08B1FAF740FDA1
:106290000C21F948FCF7A5FA08B1FAF739FD0A21F3
:1062A000F548FCF7D9FD08B1FAF732FD0021F248B4
:1062B000FCF7B6FC08B1FAF72BFD3D943DAA04218A
:1062C000ED483E94FCF7FAFB08B1FAF721FD37944C
:1062D0003894399437AA0421E7483A94FCF704FB30
:1062E00008B1FAF715FD01220421E348FCF760FC30
:1062F0000226CDE93B463BAA0121DF48FCF758F9CD
:1063000008B1FAF705FD00220121DB48FCF7D2F8BD
:1063100008B1FAF7FDFC3BAA0221D7483C96FCF7EE
:1063200047F908B1FAF7F4FC00220221D248FCF741
:10633000C1F808B1FAF7ECFC30AA48F2D0400826C0
:1063400082E871000621CC48FCF7D0FD08B1FAF7CD
:10635000DFFC0094019401270294CDE903470894DF
:106360000594069407940D9409940A940B940C9444
:106370006A460621C0481794FCF7F0FE08B1FAF708
:10638000C7FC44F26820349034AB02220621BA489C
:10639000FCF7E9FD08B1FAF7BBFC0320329030AA04
:1063A0000021B548FCF7A2FD08B1FAF7B1FC2C9426
:1063B00029AA0021B04829972F94FCF717FF08B1AC
:1063C000FAF7A6FC4FF4A0773A460021AA48FCF75A
:1063D00066FD08B1FAF79CFC00944FF000600A904B
:1063E0000DA90194800081E831004515CDE91045E3
:1063F0001294149415946A4600219F481694FCF751
:10640000ADFE08B1FAF784FC6A4601219A48FCF710
:10641000A5FE08B1FAF77CFC6A4602219648FCF713
:106420009DFE08B1FAF774FC6A4603219248129463
:10643000FCF794FE08B1FAF76BFC6A4604218E481B
:10644000FCF78CFE08B1FAF763FC34AB01220021A3
:106450008948FCF788FD08B1FAF75AFC4FF4406010
:1064600020905520CDE92104CDE9244023942694A1
:10647000279420AA002180482894FCF7E3F908B16A
:10648000FAF746FC20AA01217B48FCF7DBF908B1AA
:10649000FAF73EFC20AA02217748FCF7D3F908B1AD
:1064A000FAF736FC20AA03217348FCF7CBF908B1B0
:1064B000FAF72EFC20AA04216F48FCF7C3F908B1B3
:1064C000FAF726FCCDE918462020CDE91A64CDE97B
:1064D0001C401E9418AB0122002167481F94FCF752
:1064E000F2FD08B1FAF714FC18AB0422012162484E
:1064F000FCF7E9FD08B1FAF70BFC18AB10220221FA
:106500005D48FCF7E0FD08B1FAF702FC18AB402249
:1065100003215948FCF7D7FD08B1FAF7F9FB18AB8E
:106520002A4604215448FCF7CEFD08B1FAF7F0FBE7
:10653000199418AB022200214F481A94FCF7C3FDAE
:1065400008B1FAF7E5FB18AB082201214A48FCF72D
:10655000BAFD08B1FAF7DCFB18AB2022022146484D
:10656000FCF7B1FD08B1FAF7D3FB18AB8022032189
:106570004148FCF7A8FD08B1FAF7CAFB18AB4FF485
:10658000007204213C48FCF79EFD08B1FAF7C0FBFD
:1065900030AA01213848FCF7A9FC08B1FAF7B8FB8A
:1065A00029AA01213448FCF721FE08B1FAF7B0FB13
:1065B0003A4601213048FCF772FC08B1FAF7A8FB13
:1065C000012234AB11462C48FCF7CDFC08B1FAF798
:1065D0009FFB30AA02212848FCF788FC08B1FAF793
:1065E00097FB29AA02212448FCF700FE08B1FAF71C
:1065F0008FFB3A4602212048FCF751FC08B1FAF71C
:1066000087FB34AB012202211B48FCF7ACFC08B12C
:10661000FAF77EFB30AA03211748FCF767FC08B1A4
:10662000FAF776FB29AA03211348FCF7DFFD08B12E
:10663000FAF76EFB3A4603210F48FCF730FC08B12D
:10664000FAF766FB34AB012203210B48FCF78BFC05
:1066500008B1FAF75DFB30AA04210748FCF746FCB5
:1066600008B1FAF755FB29AA04210348FCF7BEFD3F
:1066700030B103E00068014074080020FAF748FBDD
:106680003A4604210948FCF70AFC08B1FAF740FB36
:1066900034AB012204210548FCF765FC08B1FAF788
:1066A00037FB0248FCF782FB41B0F0BD74080020C4
:1066B0000A4810B5084901600421416040F6FF71A5
:1066C000C160F9218160FCF7CFFD002803D0BDE84F
:1066D0001040FAF71DBB10BD0030004070090020CB
:1066E000184810B5164901604FF4E12141600021BE
:1066F00081600C22C160C0E904128161C161016244
:1067000041628162FDF747FC08B1FAF701FB002105
:106710000C48FDF71AFC08B1FAF7FAFA002109480B
:10672000FDF7EDFB08B1FAF7F3FA0648FDF7C8FBF1
:10673000002803D0BDE81040FAF7EABA10BD000007
:1067400000440040800900204FF48061082001F0DF
:1067500003FAFEE74FF48071082001F0FDF9FDF720
:106760008DF9FEE770B500240021204600F0A1F865
:106770000025002000F065F96D1CEDB2802DF8D3E6
:10678000641CE4B2082CEFD370BD10B5012000F0FA
:106790002BF9BDE81040012000F034B970B5002499
:1067A0000646802525FA04F0304000D0012000F094
:1067B00029F9012000F018F9002000F015F9641CF7
:1067C000E4B2082CEED3012000F00EF9BDE87040D1
:1067D000002000F009B910B5012000F013F90120E4
:1067E00000F002F9002000F00DF9BDE81040002093
:1067F00000F0FAB810B5002000F004F9012000F014
:10680000F3F8BDE81040012000F0FCB810B5FFF728
:10681000BCFFAE2000F004F9D52000F001F9802083
:1068200000F0FEF8A82000F0FBF83F2000F0F8F898
:10683000D32000F0F5F8002000F0F2F8402000F03E
:10684000EFF8A12000F0ECF8C82000F0E9F8DA2019
:1068500000F0E6F8122000F0E3F8812000F0E0F804
:10686000CF2000F0DDF8D92000F0DAF8F12000F0B8
:10687000D7F8DB2000F0D4F8302000F0D1F8A420C5
:1068800000F0CEF8A62000F0CBF88D2000F0C8F87C
:10689000142000F0C5F8AF2000F0C2F8BDE81040A9
:1068A000FFF760BF0246012000E05043491EFCD2C2
:1068B000704710B50C4640F0B00000F0B1F8102061
:1068C00040EA141000F0ACF804F00F00BDE81040EE
:1068D00000F0A6B82DE9F0410746CE004000083E82
:1068E000801E15464FF0FF38F1B2C0B2FFF7E1FF4E
:1068F0001148002400EB05152819A0F5805090F8E8
:10690000000E00F09EF8641CE4B2082CF4D308EBEF
:106910004700F1B2C0B2FFF7CCFF00242819A0F560
:10692000805090F8080E00F08CF8641CE4B2082C3B
:10693000F4D3BDE8F0810000749B00082DE9F0411C
:106940001D4617460E468046002415E0291B1020E0
:10695000491EFFF7A7FFB7FBF0F000F00F0206EBB0
:106960000400C1B20A2A404601D2303200E0373278
:10697000FFF7B0FF641CE4B2AC42E7D3BDE8F0819E
:106980002DE9F04700241D461646884681460A2711
:1069900013E0291B0A20491EFFF784FFB6FBF0F025
:1069A000B0FBF7F107FB110208EB0400C1B2484647
:1069B0003032FFF78FFF641CE4B2AC42E9D3BDE88C
:1069C000F0872DE9F04115460E460746002406E003
:1069D0003019C1B23846FFF77DFF641CE4B22A5D6E
:1069E000002AF5D1BDE8F08110B502464FF4004110
:1069F0004FF09040FBF753FDBDE81040032002F03C
:106A00007FBE000010B5024680210448FBF747FD19
:106A1000BDE81040012002F073BE000000040048F1
:106A200010B50446FFF7D7FE7820FFF7B7FE002029
:106A3000FFF7B4FE2046FFF7B1FEBDE81040FFF7B8
:106A4000D9BE10B50446FFF7C6FE7820FFF7A6FEB4
:106A50004020FFF7A3FE2046FFF7A0FEBDE8104050
:106A6000FFF7C8BE03480521017000210161417193
:106A7000704700005C00002000B59DB0684601F042
:106A80007FF99DF8370000281AD00C98002817D1FC
:106A90000C480178062905D00178072902D0007832
:106AA00008280DD1684600F0D7FB002808D00EA8B2
:106AB00000F074FA189808B94FF4004000F02EF96D
:106AC0001DB000BD5C000020014800787047000048
:106AD0005C00002010B5134A0446D06051700021BC
:106AE0001170116151619161D161116251629170B6
:106AF000D17011715171D1801181518100F0A6FDC9
:106B0000204601F045FE00280AD0204600F096FA03
:106B1000002805D0BDE810404FF4C07000F0FEB86A
:106B200010BD00005C00002010B504000AD006482B
:106B3000C06838B101F02CFE20B194F8370008B1DC
:106B4000012010BD002010BD5C00002010B500F039
:106B50007DFDBDE8104000F04DBB00002DE9F04781
:106B60009CB00646684601F00BF9694C2069401C50
:106B700020610C9949B120780A2801D0FFF7E6FF7F
:106B80000A2020701CB0BDE8F08721780025092775
:106B90004FF001094FF004084FF4004A0B2970D25E
:106BA000DFE801F0072D2D303C4B7B8FA1A70600BD
:106BB000E8E7617811B14FF47A7100E06421814215
:106BC000E0D8E06858B1417811B1012902D006E05F
:106BD000484686E001F07AFC08B1022081E0E068D6
:106BE00001F0D6FD20B19DF8350008B1032078E012
:106BF0005FF0800000F092F8C4E72561C2E700F082
:106C000025FDBFE79DF837100029BBD09DF8341053
:106C10000029B7D0C828B5D3404662E06846FFF7E0
:106C200083FF40B16069401C6061B0F5FA7FA9D371
:106C3000FFF718FFA6E76561A4E76846FFF774FF52
:106C400098B16079B8B1002E9CD06E463046FFF7FF
:106C50006BFF002896D001F08DF8002892D13146C4
:106C6000012000F005F998B90CE084F80080656116
:106C70002561657186E7E078002883D184F8059066
:106C800080E741E002F030F810B900F0A3FC10B149
:106C90004FF48470AEE7062023E036BB0EA800F068
:106CA0007DF99DF86A0028B9E0682169B0F87C0098
:106CB0008842A1D86946022000F0DAF870B90720AE
:106CC0000FE096B90EA800F069F99DF86B00002856
:106CD00092D06946032000F0CBF808B1504689E70E
:106CE0000820207089E7002E86D0FFF72FFF27703D
:106CF00083E7642885D36846FFF716FF002897D1FD
:106D000084F80080256196E74FF4007072E7000078
:106D10005C00002000B10120FFF720BF10B501F09A
:106D200063FB00F067FA02490A20087010BD0000FA
:106D30005C00002030B59DB00EA801F021F8684637
:106D400000F02CF91E4C2078062818D0207807284F
:106D500015D02078082812D000251698A1698842FD
:106D600023D01798E16988421FD01898216A884279
:106D70001BD09DF86C00C0B11A9810B115E0012528
:106D8000EBE720780A2810D000F0F0FB68B100F0A3
:106D9000FFFBA84209D135B10898616A884204D046
:106DA00000F022FA08B1012000E000201699A1614C
:106DB0001799E16118992162089961621DB030BD8F
:106DC0005C00002004498A6A02438A62002081F83C
:106DD0003400012070470000EC020020B4EE400AAD
:106DE000F1EE10FA0BD110EE100AB0F1FF4F06DAF7
:106DF00010EE100A10F5000F01D20120704700209C
:106E000070470000044880ED000A80ED010A80ED23
:106E1000020A80ED030A7047C80200201349F0EE11
:106E2000400AA1F1100091ED010A90ED001AD1ED98
:106E3000001A90ED012A20EE010AD0ED032A01EE9E
:106E4000A00AD1ED021A01EE820A91ED032AD0EDDB
:106E5000021A02EE610A91ED042AC0ED031A02EE55
:106E6000620A80ED020AC0EC020A7047D8020020D4
:106E70002DE9F05F464C05462DED028B0E4620783D
:106E80000027A8B1A6B115B196F8370080B1EFF38D
:106E9000108A72B68DB1DFF8FC804FF0000B4FF016
:106EA0000109012D0CD0022D47D0032D5ED068E0E2
:106EB0000120BDEC028BBDE8F09F00F09BF961E082
:106EC00034489C3801F072FD3248703801F094FE6D
:106ED00096ED070AFFF796FF9FED2F8A84ED038A50
:106EE00096ED070A10EE100A84ED040AB0F1804F07
:106EF00007DDFFF773FF20B196ED070A84ED050A61
:106F000006E0A06890ED050A84ED050A84ED040A08
:106F100084ED068AC4F81CB0C4F824B0A4F802B00A
:106F2000A4F804B0414688F832B088F833B041F88C
:106F300028BF8D7181F80C9024E096ED070AFFF7C9
:106F400061FF96ED070A134884ED040AA4F802B025
:106F5000F0EE400A94ED031A9C3801F0DDFC80B19C
:106F6000404600F82E5F80F806900BE0A06890ED98
:106F7000050A404684ED040A00F82E5F80F805906B
:106F800000E00127BAF1000F00D162B6384690E761
:106F900084000020EC0200200000000000284AD0FD
:106FA000EFF3108272B6244991ED000A80ED000AD9
:106FB00091ED010A80ED010A91ED020A80ED020ACD
:106FC00091ED030A80ED030A91ED040A80ED040AB5
:106FD00091ED050A80ED050A91ED060A80ED060A9D
:106FE00091ED070A80ED070A0B6A03624B6A436260
:106FF0008B6A83628B8D838591F82E3080F82E30DA
:1070000091F82F3080F82F3091F8303080F8303000
:1070100091F8313080F8313091F8323080F83230E8
:1070200091F8333080F8333091F8341080F8341010
:10703000002A00D162B67047EC0200202DE9F04131
:10704000644E04462DED028B3821B0600020307074
:107050006148F9F73FFA48F28007002C7ED094EDA2
:107060000E0AB5EEC00AF1EE10FA77D9D4ED020A95
:10707000F5EEC00AF1EE10FA70D9F1EE001A94EDB7
:10708000191A60EEA10AB4EEE01AF1EE10FA65D911
:10709000F2EE040A01EE600AB0EEC00A10EE100A29
:1070A000B0F17C5F5ADC94ED100ADFED4C0A80EE03
:1070B000202AD4ED180A94ED170ADFED491A464844
:1070C0009C3801F0E8FB94ED163A434894ED0E2A03
:1070D000F1EE432AD4ED151A94ED021AD4ED140AF8
:1070E00094ED130A703801F0FBFC94ED0E1A94ED48
:1070F000020AF0EE008AC1EE000AB6EE001A70EE47
:10710000810AFCEEE00AC6ED080ADFED360A20EE41
:10711000208A94ED190A60EE280A88EE200A02F00F
:1071200073F9C8EE001AD4ED1A2A28EE081A2A4D6F
:10713000143D61EEA10AB0EE600A30EE813A02EE33
:10714000A10A30EE012A83EE020A31EE603A63EEC4
:10715000283A83EE823A85ED000A00E02AE042EE0A
:10716000E10A85ED013A85ED020A85ED033AA5F1C4
:10717000880070EE810A80EE821A85ED041A90F87C
:107180002900B8B1A5F15C0090F8490090B1306ACF
:1071900080B1FFF723FE68B195ED010AFFF71EFEEF
:1071A00040B195ED040AFFF719FE18B1204601F031
:1071B000B7FD30B1BDEC028B3846BDE8F041FFF7BA
:1071C00001BE0120307000F015F8BDEC028B0020EC
:1071D000BDE8F08184000020EC020020F304B53FFC
:1071E00000000000DB0F4941014890F8340070476F
:1071F000EC02002070B5154801F0D8FB13482C3084
:1072000001F0FAFC11480025124C40F8785F9FED20
:10721000100A45608560C56084ED030A84ED040AA8
:1072200084ED050A84ED060AE56165626580A58046
:1072300001F08AFD054838219C30F9F74BF90348E5
:107240009C3000F82E5F2178817170BD50020020C3
:1072500000000000840000202DE9F05FBF4C0646CE
:107260002DED068B4FF4004B2078C0B1A068B0B173
:10727000AEB196F8370090B1DFF8E49299F8490082
:1072800068B1A9F12C0A9AF8290040B109F17005FA
:1072900095F82E0018B195F82E00032801D958460C
:1072A000CAE096ED078AB0EE480AFFF797FD4FF067
:1072B000804130B118EE100A884202DD84ED058A63
:1072C00008E06069884202DD08EE100A02E0A0686A
:1072D00090ED058A95F82E0000274FF0010801284F
:1072E00015D06088401C80B260800A2854D3678023
:1072F000B0EE480AFFF792FDF0EE408AFFF76EFD10
:107300000028CCD095F82E0002281AD031E0A068D1
:10731000D0ED1D0A90ED0E1A80EE810AD4ED030A1D
:1073200070EE800AC4ED030A90ED1C0AB4EEE00A88
:10733000F1EE10FA01D284ED030A606A401C60622B
:107340002AE0A068D0ED1B0A90ED191A80EE810AA0
:10735000D4ED040A70EE200AC4ED040A90ED050A8B
:10736000B4EEE00AF1EE10FA03D884ED040A85F8D1
:1073700033807B48F0EE680A94ED040A2C3801F063
:107380001BFA84ED030AFFF729FD002887D0C5ED1D
:10739000018A686A401C686296ED040AD4ED030A0B
:1073A000A06820EE200AD0ED010A6D48C0EE209AB8
:1073B000D6ED020A79EEE08AB0EE690A01F008FB28
:1073C000B0EE409A96ED040A30EE49AAB0EE690A92
:1073D000FFF704FD002894D0B0EE680AFFF7FEFC2A
:1073E00000288ED04E4699ED0E0AFFF7F7FC0028D4
:1073F00087D0B0EE490AFFF7F1FC0028C6D0B0EE06
:107400004A0AFFF7EBFC0028C0D0A06890F996006C
:1074100000EE100AB8EEC00A20EE0A0A80EE08AAB2
:10742000B0EE4A0AFFF7DAFC20B1B0EE4A0A01F0EA
:10743000FBFB38B14FF40140BDEC068BBDE8F05FBB
:10744000FFF7C0BC94ED060A08EEA80A84ED060A10
:10745000E069401CE061216A884239D300EE900A5D
:10746000B8EE601AC0EE010AB0EE600A01F0AFFF9C
:1074700085ED050A9FED3B0A84ED060AE76195F864
:107480002E00012824D1A068D4ED030A90ED1C0A37
:10749000B4EEE00AF1EE10FA1AD890ED0E0ADFED24
:1074A000320AB0F87C2080EE201ABCEEC10A10EE41
:1074B000101A5143626A91420AD895ED050AD0ED3F
:1074C0001E0AB4EEE00AF1EE10FA01D885F8328017
:1074D00096F8480010B901F031FCB0B1A0884FF621
:1074E000FF71884201D2401CA080A068A188B0F83A
:1074F0008200884200D8A08094ED040A85ED000A3D
:1075000095F82E00012802D003E0A780F4E785ED6E
:10751000018A94ED030A85ED020AC5ED039AC5EDD3
:10752000048A85ED069A183501F0F4FB85ED010A11
:10753000A088A8829AF82800E87596F8480028766E
:1075400001F0FCFB6876A868401CA86085F81C80E8
:107550000020BDEC068BBDE8F09F000084000020F9
:107560007C0200200000000000007A4401480078FE
:1075700070470000AC000020034900204870034918
:107580000F20086070470000AC000020986B01409D
:107590000148407870470000AC00002010B50B4A4D
:1075A0000B4C1368A34207D130B148F2D044A0423B
:1075B00002D209B1A14201D3012010BDC3F89C0041
:1075C0001068C0F81C11002010BD000074080020D5
:1075D000006801400B4810B500680B49884206D18D
:1075E0000A4C207818B1607818B1002010BD012035
:1075F00010BD0F210348FBF781FD0028F8D10121C0
:10760000617010BD7408002000680140AC000020CB
:107610000B4810B500680B49884201D0012010BD0D
:10762000094C207808B1002010BD4FF47C110448AB
:10763000FBF733FD0028F7D10121217010BD0000B8
:107640007408002000680140AC000020064810B516
:1076500000680649884203D10F210348FBF766FD05
:1076600003490020487010BD7408002000680140E4
:10767000AC00002010B5FFF77FFFBDE81040FDF71C
:10768000DBB8000030B58BB00546FEF771F9002875
:1076900015D0002D13D01F4C2078062802D020785A
:1076A00007280CD195F8410008B1E86B48B1EA6BA6
:1076B0000AB94FF400720021022000F0EDF90BB07E
:1076C00030BD6846FDF7B4FFA8B19DF82A0090B11F
:1076D00003A9DFED111A114891EC030AF9F77CF8C0
:1076E00048B10E4890ED0E1AD0ED0D0A90ED0C0A3F
:1076F000FDF728F908B16022DDE76069401C606190
:1077000020780628DBD10898B0F17E5FD7DB072010
:107710002070D4E7B0000020000070422403002055
:1077200010B5FEF78FF900280ED0FFF7A5F900F08D
:1077300021FB002808D000F01DFB01460022BDE817
:107740001040012000F0A8B910BD000030B5ABB06A
:10775000040055D0684600F013FB0EA8FDF75CFD51
:1077600019A8FEF7A1F8284D2878207028696060D4
:1077700000F000FBA060FDF787FAE0609DED070ACE
:1077800084ED040A9DED210A84ED050A9DED160A9B
:1077900084ED060A9DED250A84ED070A9DED260A73
:1077A00084ED080A9DED270A84ED090A0A98A06273
:1077B0006869E062FFF7ECFE84F83000FDF798F8A6
:1077C00084F83100287805280BD02878062808D0BE
:1077D0002878072805D0002084F83200286910B1E5
:1077E0000BE00120F8E7FEF721F908B1A06820B905
:1077F000FEF7B2F830B1E06820B1002084F8330021
:107800002BB030BD0120F9E7B000002070B51A4A56
:1078100000230D46C2E90603136253709370D370C0
:10782000137153719371D371138153819381044602
:10783000137013615361204600F0F2FA2946204686
:10784000FFF748F90D48FDF76FFA98B1FEF790F889
:1078500020B10A484030FDF717FD58B1F0EE000A9C
:107860009FED070A0748F9F747F918B1FDF78AFFB6
:10787000002070BD012070BDB000002064A1000890
:107880006666663F2403002010B504000CD0FDF7A7
:1078900019FBFEF761F8002806D022460021BDE85A
:1078A0001040022000F0F8B810BD10B504000CD054
:1078B00000F09AFDFEF7BAF8002806D02146002213
:1078C000BDE81040012000F0E7B810BD00B59FB042
:1078D000684600F055FA0EA8FDF7DCF90C48407830
:1078E00088B1089805280ED9099805280BD9FEF704
:1078F00033F858B11998052805D91A98052802D9DE
:107900001B98052802D800201FB000BD0120FBE70E
:10791000B000002010B5FFF77BFE040004D1FCF797
:107920004DFF024901204870204610BDB0000020E4
:10793000F0B58FB0FEF72AF80746FEF783F810B1CE
:107940000020FFF7E7F9684600F01AFAFFF7BCF8E5
:107950000546FEF76BF810B100F00CFA28B9FDF7F8
:10796000FBFF58B1FDF790F940B1FDF78DF90446E2
:1079700000F000FA0146224603204AE0454C2079F7
:10798000D0B1062602281DD00A2D3DD0012843D0B3
:10799000062D4DD0072D4DD00020082D4FD0052DA0
:1079A00001D0092D0CD1E061FCF71CFFFDF75CFD57
:1079B000052D3BD0082040E001202070FDF7E2FEBD
:1079C0000FB0F0BD207828B12078012802D02078AF
:1079D000082801D102202070002FF1D02078022841
:1079E0000AD02078062802D020780728E8D1FCF7B2
:1079F000F9FEFDF739FDDDE76846FEF783F8E8B3E9
:107A000008220021022004E000F0B4F9014600221F
:107A1000012000F041F8D3E7052D07D0062D07D04F
:107A2000072D07D0082D07D0002006E0022004E033
:107A3000032002E0042000E005202070C0E7217848
:107A40000629BDD021780729BAD09DF83720052115
:107A5000D2B1E0694FF4FA72904203D2401CE06167
:107A6000904205D32078062802D020780728C3D179
:107A700020780628A4D02078072800E002E09FD0D4
:107A800021709DE726709BE7E0612170FCF7AAFE5C
:107A900096E70000B000002070B50D4E0D4614466C
:107AA000316901433161FDF76DFE1DB12846FFF7D5
:107AB00035F901E0FFF79EFB14B12046FDF702FA0D
:107AC000FDF7D2FC0348F9F77EF80920307070BD4D
:107AD000B00000202403002030B59FB0012411A87D
:107AE00000F04EF96846FDF7D5F81A4D28780928B8
:107AF00001D0286900B10024FDF798FF18B1FFF705
:107B000019F900B90024FDF727FF50B10E98296A32
:107B1000884205D00B9818B10C9808B10D9800B99F
:107B20000024FDF725FF68B1FCF7E2FE00B101205B
:107B3000297806290BD02978072908D00021884206
:107B400000D000240E9828621FB0204630BD0121CD
:107B5000F5E70000B000002070B50D460446FFF7C1
:107B60000BFDFCF769FE204600F03EFC2846BDE810
:107B70007040FDF7A7B90000B5EEC00AF1EE10FAAB
:107B800001D80020704710EE100A0849884202DB35
:107B900040F6FF707047F6EE000A30EE200ABCEEA9
:107BA000C00A10EE100A80B27047000000F07F4556
:107BB0002DE9F04387B00F46DDE90E5481461E469D
:107BC00090461C216846F8F785FCB9F1000F04D0F7
:107BD000A54202D2B4F5805F03D3012007B0BDE80F
:107BE000F0830097CDE9018601208DF80C0000207C
:107BF0000494CDE9055069464846F9F78DF9EDE75B
:107C00002DE9F04789462DED028B82B05FEA000A2C
:107C100069D0B9F1000F66D03A4CA06900F056FC6B
:107C2000002861D0A06990ED120AD0ED210AB0F8C9
:107C3000900080EE208A00EE100AB8EE400A30EE86
:107C4000480AFFF799FF8046A069B0F8900000EE5F
:107C5000100AB8EE400A30EE080AFFF78DFF05461D
:107C6000A069D0ED090A90ED231A80EE810AFFF792
:107C700083FF00F47F66102E35D3A06990ED040ACF
:107C8000D0ED220AB0F8920080EE208A00EE100AB1
:107C9000B8EE400A30EE480AFFF76EFF0746A069CB
:107CA000B0F8920000EE100AB8EE400A30EE080A72
:107CB000FFF762FFCDE90085DFF8508004464FF4FE
:107CC0004005114B2A4641465046FFF771FF50B917
:107CD0000020CDE900060E4B4FF0E0720D495046F2
:107CE000FFF766FF28B1012002B0BDEC028BBDE8B2
:107CF000F087CDE90074084B2A4641464846FFF715
:107D000057FFF1E7D4000020040060080000C07DA8
:107D10008000501DFFFF170040002019002826D0CA
:107D2000EFF3108272B612490B8803804B884380B0
:107D30008B888380CB88C3800B8903814B894381E7
:107D40008B898381CB89C3810B8A03824B8A4382CF
:107D50008B8A8382CB8AC3828B698361CB69C3613F
:107D600091F8201080F82010002A00D162B67047E8
:107D7000100400200148006B7047000068030020D9
:107D800010B5002846D0EFF3108272B62249097868
:107D9000BFF35F8FC1EBC103204931F8334001EBE2
:107DA000C30104804B8843808B88838091ED020A55
:107DB00080ED020A91ED030A80ED030A91ED040AB9
:107DC00080ED040A91ED050A80ED050A91ED060AA1
:107DD00080ED060A91ED070A80ED070A0B6A03623F
:107DE0004B6A43628B6A8362CB6AC3620B6B036329
:107DF00091F8343080F8343091F8353080F83530EF
:107E000091F8363080F8363091F8371080F8371016
:107E100082F3108810BD0000D4000020A0030020D1
:107E2000F0B50646B148B3B00025058045800E3850
:107E30000580382109A8F8F74DFB3822AC4909A87C
:107E4000F8F716FBAB4FBDF824003880BDF82600CC
:107E50007880BDF82800B8809DED0B0A87ED020AF6
:107E60009DED0C0A87ED030A9DED0D0A87ED040ACE
:107E70009DED0E0A87ED050A9DED0F0A87ED060AB6
:107E80009DED100A87ED070A119838621298786202
:107E90001398B8621498F862159838639DF85800E2
:107EA00087F834009DF8590087F835009DF85A008E
:107EB00087F836009DF85B0087F83700382117A84F
:107EC000F8F708FB8A493822383117A8F8F7D0FAB2
:107ED00007F13804BDF85C002080BDF85E006080CA
:107EE000BDF86000A0809DED190A84ED020A9DEDA9
:107EF0001A0A84ED030A9DED1B0A84ED040A9DED28
:107F00001C0A84ED050A9DED1D0A84ED060A9DED0F
:107F10001E0A84ED070A1F9820622098606221984B
:107F2000A0622298E062239820639DF8900084F874
:107F300034009DF8910084F835009DF8920084F893
:107F400036009DF8930084F83700382125A8F8F70B
:107F5000C1FA67493822703125A8F8F789FABDF8C7
:107F600094002087BDF896006087BDF89800A08730
:107F70009DED270A84ED100A9DED280A84ED110A73
:107F80009DED290A84ED120A9DED2A0A84ED130A5B
:107F90009DED2B0A84ED140A9DED2C0A84ED150A43
:107FA0002D98A0652E98E0652F9820663098606621
:107FB0003198A0669DF8C80084F86C009DF8C9004F
:107FC00084F86D009DF8CA0084F86E009DF8CB001F
:107FD00084F86F00454C143C2570C4E906652562A1
:107FE0009FED450A656284ED0B0A84ED0C0AFF20C3
:107FF00065636070A570E570257124216846F8F707
:1080000069FA3B492422A8316846F8F731FA07F1AA
:10801000A800BDF800100180BDF802104180BDF835
:1080200004108180BDF80610C180BDF808100181E0
:10803000BDF80A104181BDF80C108181BDF80E1009
:10804000C181BDF810100182BDF812104182BDF847
:1080500014108182BDF81610C182069981610799BA
:10806000C1619DF8201080F82010E56325646564E7
:1080700040F6FF70A56420816581A081E5812082A2
:108080006582F6EE000AA6B196ED020AB5EEC00AC8
:10809000F1EE10FA0DDD96ED0E1AC1EE001A31EE7A
:1080A000A00ABCEEC00A10EE100AA062202801D37C
:1080B00002E0A5622020A0626EB196ED0E0A10EEDD
:1080C000100AB0F17E5F06DB30EE200ABCEEC00A7B
:1080D00084ED0E0A02E042F21070A063304600F018
:1080E000F5F987F8350033B0F0BD0000E800002056
:1080F000BCA1000868030020000000002DE9F04149
:10810000894DE869296A411A06D002290CD9BDE8CF
:10811000F041012000F068B9A878401CC0B2A870F6
:108120000328F4D2BDE8F08100267F49AE701431F7
:1081300028620A887D4C2280498861807A49891D9D
:108140000988A180216A491C21626062A06A401CE2
:10815000A062012784F8347000F056F9A86900F095
:10816000B5F9A8B184F8357020884FF47F611028E4
:1081700008D32088884205D2A088102802D3A0887E
:10818000884209D3E878082807D2401CE87004E048
:1081900004F8356FA670C3E0EE706088884205D39E
:1081A0002879082803D2401C287100E02E7121880C
:1081B000A86930F8902F8A1AA188438850ED030AE5
:1081C000C91A90F90430534300EE103AB8EEC00AD1
:1081D00020EE200A84ED020A90F9052050ED020AF3
:1081E0004A4300EE102AB8EEC00A20EE200A84EDC1
:1081F000040A618850ED010A00EE101AB8EE400A38
:1082000020EE200A84ED070A94ED040A94ED041A86
:10821000D5ED0B0A40EE010AC5ED0B0A94ED021AEA
:10822000D4ED021A95ED0C0A01EE210A85ED0C0A37
:10823000686B401C6863A96A88421CD300EE100A70
:10824000B8EE401A80EE810A01F0C1F884ED050A0B
:1082500095ED0D0AD5ED0C0AB8EE401A80EE810AB4
:1082600001F0B5F884ED030A9FED310A85ED0B0AA4
:1082700085ED0C0A6E63A86990ED021AD0ED030A31
:1082800090ED0E0A686A71EE201A71EE600A401CC9
:10829000686280EE212A80EE201AFCEEC21A11EEEE
:1082A000902AFCEEC10A10EE901A491C884201D9AE
:1082B00084F83660D4ED040ADFF878C010EE903A06
:1082C000634502D9FF20687023E0D4ED040ADFF88B
:1082D00068C010EE903A63451BDD95F90130002B24
:1082E00017DA90420FD388420DD800EE900AF8EECC
:1082F000600A80EE201A84ED061AE06A401CE062F3
:1083000084F8367003E0E06A08B184F836606E6283
:108310006F70206B10B184F8376001E084F837701B
:10832000BDE8F04100F012B8D4000020680300203E
:1083300000000000CDCC4CBECDCC4C3E0248C16903
:10834000491CC16170470000D400002030B5244BA7
:10835000187880F0010223480588C2EBC20400F1BE
:10836000380121F83450458801EBC4014D808488E0
:108370008C8090ED020A81ED020A90ED030A81EDF6
:10838000030A90ED040A81ED040A90ED050A81EDDF
:10839000050A90ED060A81ED060A90ED070A81EDC7
:1083A000070A046A0C62446A4C62846A8C62C46A7A
:1083B000CC62046B0C6390F8344081F8344090F840
:1083C000354081F8354090F8364081F8364090F8D5
:1083D000370081F83700BFF35F8F1A7030BD00009F
:1083E000D400002068030020064910B50A6B024340
:1083F0000A63002081F83700FFF7BEF8BDE810409F
:10840000FFF7A4BF68030020F0B52E4805888488D4
:1084100043882D48016C01EB050CC0F840C0416C4D
:108420000F194764816CCE18866401898D4200D291
:10843000058141898D4200D9458181898C4200D2D4
:108440008481C1898C4200D9C481018A8B4200D2C7
:108450000382418A8B4200D94382C26B521CC263A1
:10846000816B8A422DD31749A8310D80BCFBF2F5F0
:108470004D8005898D804589CD800C81B7FBF2F454
:108480004C8184898C81C489CC810B82B6FBF2F348
:108490004B82038A8B82438ACB82CA618A69521CCF
:1084A0008A61012281F820200021C16301644164B6
:1084B00040F6FF728164028141818281C181028222
:1084C0004182F0BD68030020D400002010B50446AE
:1084D00000F06AF918B1A07808B1012010BD0020A1
:1084E00010BD00000048704788A20008002120B19C
:1084F000027822B1012A08D101E03F20704742787A
:1085000022B1012A02D0022A00D00121D0ED010AB5
:10851000F5EEC00AF1EE10FA26D9994B82689A421C
:1085200022DB984B9A421FDC90ED030AB5EEC00A9D
:10853000F1EE10FA18D990ED0B0AB5EEC00AF1EE83
:1085400010FA11D990ED0C0AB5EEC00AF1EE10FA4E
:108550000AD990ED0D0AB5EEC00AF1EE10FA03D972
:10856000894B826B9A4201DA41F0020190ED130AC5
:10857000B5EEC00AF1EE10FA74D390ED140AB5EE20
:10858000C00AF1EE10FA6DD390ED150AB5EEC00AEF
:10859000F1EE10FA66D990ED160AB5EEC00AF1EECA
:1085A00010FA5FD990ED170AB5EEC00AF1EE10FA95
:1085B00058D390ED180AB5EEC00AF1EE10FA51D377
:1085C00090ED190AB5EEC00AF1EE10FA4AD990ED15
:1085D0000E1AB4EEC10AF1EE10FA43DC90ED021A65
:1085E000F1EE001A21EE211AB4EEC10AF1EE10FAF2
:1085F00038D990ED1A0AB5EEC00AF1EE10FA31D969
:1086000090ED1B0AB5EEC00AF1EE10FA2AD990EDF2
:108610001C0AB5EEC00AF1EE10FA23D990ED101A3B
:10862000B4EEC10AF1EE10FA1CDA90ED1D0AB5EEB7
:10863000C00AF1EE10FA15D990ED1E0AB5EEC00A87
:10864000F1EE10FA0ED9B0F87C30142B0AD3B0F842
:108650007E209A4206D9B0F88030934202D9B0F811
:1086600082200AB941F0040190ED210AB5EEC00A5A
:10867000F1EE10FA17D990ED220AB5EEC00AF1EE2C
:1086800010FA10D990ED230AB5EEC00AF1EE10FAF7
:1086900009D9B0F890304FF48052934203D2B0F829
:1086A0009230934201D341F0080190F99420012ABD
:1086B00001D0521C0BD190F99520012A01D0521CF7
:1086C00005D190F99620012A03D0521C01D041F027
:1086D000100190ED040AB4EEE00AF1EE10FA4AD966
:1086E00090ED070AB5EEC00AF1EE10FA43D9D0EDCD
:1086F000060AF4EEC00AF1EE10FA3CD390ED050A3A
:10870000B4EEE00AF1EE10FA35D9D0ED080AF4EE35
:10871000C00AF1EE10FA2ED990ED090AB4EEE00A83
:10872000F1EE10FA27D990ED0A0AB5EEC00AF1EE83
:1087300010FA20D990ED0F0AB5EEC00AF1EE10FA4A
:1087400019D910EE102A114B9A4214DC90ED100A40
:10875000B5EEC00AF1EE10FA0DD9D0ED110AF5EE22
:10876000C00AF1EE10FA06D9D0ED120AF4EEC00AF2
:10877000F1EE10FA01D841F02001084670470000E0
:108780000000344200005C4200007A443333733FFF
:1087900010B50446FFF79AFE10B16078022801D0A8
:1087A000002010BD012010BD00B5FFF79FFE08B1ED
:1087B000002000BD012000BD10B504002DED028B8E
:1087C000B0EE608AF0EE408A32D094F8290070B39F
:1087D000B0EE680A00F04CF848B3B0EE480A00F07A
:1087E00047F820B378EEC80A0020C4ED040A94EDDF
:1087F000000A20EE201A84ED051A94ED060AD4ED45
:10880000031A84F82800012001EEA00AD4ED091A09
:1088100031EE001AF4EEC11AF1EE10FA0DD2F5EEB7
:10882000C00AF1EE10FA14D284ED060A11E0FFE757
:108830009FED0E0ABDEC028B10BDD4ED081AF4EECC
:10884000C11AF1EE10FA09DDF5EEC00AF1EE10FAE8
:10885000EADCC4ED071A84F8280003E084ED060A78
:1088600084ED071A94ED070AE4E700000000000019
:10887000B4EE400AF1EE10FA0BD110EE100AB0F18E
:10888000FF4F06DA10EE100A10F5000F01D201209A
:1088900070470020704710B504002DED068BB0EE38
:1088A000429AB0EE61AAB0EE418AF0EE608AF0EE34
:1088B000409A2ED02C21F7F70DFEF5EEC09AF1EE7E
:1088C00010FA26D3F5EEC08AF1EE10FA21D3B5EEF8
:1088D000C08AF1EE10FA1CD9B4EEC9AAF1EE10FA72
:1088E00017DA88EE880AC4ED009AC4ED018A84ED97
:1088F000028A84ED08AA84ED099A012084ED030A16
:1089000084F829002046BDEC068BBDE8104000F03D
:108910004DB8BDEC068B10BD10B504002DED048BD9
:10892000B0EE418AF0EE608AB0EE409A3CD094F806
:108930002900C0B3B0EE490AFFF79AFF98B3B0EE32
:10894000680AFFF795FF70B3B0EE480AFFF790FF93
:1089500048B3002084F8280094ED090A0120B4EE01
:10896000C80AF1EE10FA06D394ED080AB4EEC80A6C
:10897000F1EE10FA03DDB0EE408A84F8280039EEFB
:10898000680A012084ED040AD4ED000A20EE800A72
:1089900084ED050A38EE400A84ED060A84ED078A64
:1089A000BDEC048B10BDFFE70020F9E700280CD0D8
:1089B00000219FED060A80ED040A80ED050A80ED96
:1089C000060A80ED070A80F82810704700000000B2
:1089D00010B504002DED048BF0EE608AB0EE408AF5
:1089E0009FED349A4DD094F84900E0B3B0EE480AB8
:1089F00000F062F8B8B3B0EE680A00F05DF890B32A
:108A000094ED060AD4ED0A0A78EE688A002020EE7A
:108A1000208A94ED050AD4ED0B0A00EE288A94ED25
:108A2000070A00EE208A94ED080AD4ED0C0A00EE45
:108A3000608A94ED090AD4ED0D0A00EE608A84ED97
:108A40000E8A84F84800B0EE480A00F035F80100BC
:108A50004FF001001AD094ED110AB4EEC80AF1EEFD
:108A600010FA08D300E00CE094ED100AB4EEC80A46
:108A7000F1EE10FA0DDD84ED0F0A00BF84F8480016
:108A800009E0B0EE490ABDEC048B10BD84ED0F9AED
:108A9000F4E784ED0F8A94ED0A0A84ED0B0AC4ED25
:108AA0000A8A94ED0C0A84ED0D0A94ED0F0A84ED08
:108AB0000C0AE8E700000000B4EE400AF1EE10FAFC
:108AC0000BD110EE100AB0F1FF4F06DA10EE100ACB
:108AD00010F5000F01D20120704700207047000000
:108AE00010B504002DED088BF0EE43AAB0EE62BA8B
:108AF000F0EE429AB0EE618AB0EE419AB0EE60AA12
:108B0000F0EE408A72D04C21F7F7E4FCB5EEC09A43
:108B1000F1EE10FA6AD9B5EEC08AF1EE10FA65D915
:108B2000F5EEC09AF1EE10FA60D9B4EEEABAF1EEC1
:108B300010FA5BDAF7EE000AB1EE002A80EEA90A1D
:108B4000DFED2C0A6AEE022AC4ED008A69EE200AE3
:108B500084ED01AA62EE882A84ED029A84ED038AEC
:108B6000C4ED049A84ED10BAC4ED11AA012020EEE0
:108B7000001A20EE023A21EE201A61EE201AF0EEE1
:108B8000420A43EE080A30EEA11A68EE810A42EE6C
:108B9000800AC0EE813AF2EE000AC4ED053AF0EE2A
:108BA000003A51EEA30A43EE481A60EEA83A71EE7D
:108BB000821A83EE814A21EEA82A02EEC02A82EEB2
:108BC000010A84ED064A84ED070A80EE810A84EDED
:108BD000080A81EE810A84ED090A84F849002046DA
:108BE000BDEC088BBDE8104000F006B8BDEC088B6A
:108BF00010BD0000DB0FC940002810D000219FED00
:108C0000080A80ED0A0A80ED0B0A80ED0C0A80ED5F
:108C10000D0A80ED0E0A80ED0F0A80F848107047AB
:108C2000000000007047000070B52D4C00252DEDB0
:108C3000028B6068E8B3B4EE400AF1EE10FA44D15A
:108C4000F0EE400A10EE901AB1F1FF4F3DDAF0EE6F
:108C5000400A10EE901A11F5000F36D2A570D0ED33
:108C60000F0AB0EE408A0126F4EEC80AF1EE10FABF
:108C700002D2B0EE608A08E0B1EE600AB4EEC80A33
:108C8000F1EE10FA02DDB0EE408AA670B7EE001ADF
:108C9000B6EE000A31EE482ADFED121AF0EE400A75
:108CA00042EE210AFCEEE00A10EE900A78EE010A8C
:108CB00000E00AE000EEA10A80B2BCEEC00A10EEAD
:108CC000101A89B2FEF76AFC20B165700120BDEC74
:108CD000028B70BD84ED058A66700020F7E7000006
:108CE0002001002000D0844610B544F268200146DF
:108CF000FEF754FC0549002208B14A7010BD9FEDF3
:108D0000040A81ED050A8A7010BD000020010020D0
:108D100000000000014890ED050A70472001002086
:108D200010B5054C606000F00FF8607808B10020C5
:108D300010BD012010BD00002001002001488078F6
:108D4000704700002001002070B50D4C9FED0B0A0C
:108D5000002584ED020A84ED030A84ED040A84ED03
:108D6000050AA5612570A570606800B101206070DA
:108D7000FFF7BAFF002800D0657070BD000000004A
:108D8000200100207047FAF7ABBA10B594B0382133
:108D90006846F7F79FFB14210EA8F7F79BFB00200E
:108DA000FAF730FB092000904FF480300190012049
:108DB000059002200324CDE907045521CDE90901DE
:108DC0000B900C900D906846FAF764FE58B90F208E
:108DD000CDE90E04002010901190129004210EA8ED
:108DE000FAF7FCFC08B1F7F793FFFAF7E5FD14B0CA
:108DF00010BD00000248016841F470010160704735
:108E000088ED00E030B5416EB9B1026891689268B2
:108E1000C1F342610B4B520F9C5CE50003F1080467
:108E2000A25CB5FBF2F2A0F86A205A5C615CD20049
:108E3000B2FBF1F1A0F8681030BD0121A0F86A1072
:108E4000F8E700003CA3000890F82810090706D5B1
:108E500001684A68836B22F400421A434A6090F822
:108E60002810C90706D001684A68C36A22F4003294
:108E70001A434A6090F82810890706D501684A68A5
:108E8000036B22F480321A434A6090F82810490795
:108E900006D501684A68436B22F480221A434A606F
:108EA00090F82810C90606D501688A68C36B22F4B9
:108EB00080521A438A6090F82810890606D5016806
:108EC0008A68036C22F400521A438A6090F82810D2
:108ED000490611D501684A68436C22F480121A438E
:108EE0004A60416CB1F5801F06D101684A68836C05
:108EF00022F4C0021A434A6090F82810090606D5E9
:108F000001684A68C06C22F4002202434A6070473C
:108F10002DE9F84300260446C0F89060F9F7C4FA3A
:108F20008046206800684FF0200500076FF07E47FC
:108F300013D54346002229042046009700F0B4F9D7
:108F400058B1216851E8000F20F0800041E800028C
:108F5000002AF6D1C4F8885021E020680068400754
:108F600022D5434600224FF480012046009700F0AE
:108F70009BF9C8B1216851E8000F20F4907041E8D6
:108F80000002002AF6D12068083050E8001F21F0C6
:108F9000010140E80012002AF5D1C4F88C5084F891
:108FA00084600320BDE8F883C4F88850C4F88C506E
:108FB00044F86C6F666026760020F3E710B502680F
:108FC00052E8001F21F4907142E80013002BF6D103
:108FD0000E4B0268083252E8001F194042E80014A4
:108FE000002CF6D1C16E012908D1016851E8002F8B
:108FF00022F0100241E80023002BF6D12021C0F816
:109000008C100021C166416710BD0000FEFFFFEF1C
:109010002DE9F0410446016880682269E369104344
:10902000626900251A431043DFF84CC20A68934B6B
:109030001A4002430A6020684168E26821F4405106
:10904000114341602168A069614501D0226A104343
:109050008A688B4B1A4002438A602068C16A626A40
:1090600021F00F011143C1628649236886488B4273
:109070000DD1D0F8880010F0030006D0012867D089
:10908000022854D0032851D164E001204FE07F49E9
:109090008B420BD1D0F8880010F00C0047D0042888
:1090A00045D0082852D00C2840D153E078498B4253
:1090B0000BD1D0F8880010F0300038D0102847D0FD
:1090C000202843D0302831D144E072498B420BD163
:1090D000D0F8880010F0C00029D0402838D080286F
:1090E00034D0C02822D135E06B498B420ED1D0F864
:1090F000880010F440701AD0B0F5807F28D0B0F509
:10910000007F23D0B0F5407F10D123E063450DD11F
:10911000D0F8880010F4406009D0B0F5806F17D007
:10912000B0F5006F12D0B0F5406F13D010205B4A3D
:109130005B4F00264FF40041634539D160B10228EE
:109140000DD004280DD0082831D10EE00220EEE722
:109150000420ECE70820EAE7FAF736FC03E01146C2
:1091600003E0FAF755FC01007BD0606A37F8102065
:109170006768B1FBF2F007EB4703834269D8B0EBB5
:10918000073F66D8002308461946F7F7B5F80902E5
:1091900041EA106102027808101871413A46002332
:1091A000F7F7AAF83F4AA0F54071914257D950E02D
:1091B000E3694FF6EF788B422BD1092849D2DFE8DB
:1091C00000F005080D48254848480E00FAF7FCFB5A
:1091D00001E0FAF70BFC010001D142E01146606AA0
:1091E00037F81000B1FBF0F04100606801EB50016E
:1091F000B1FBF0F1A1F1100040452AD84FF6F07212
:1092000001EA0200C1F34201084328E0FAF700FC3A
:10921000E1E709281DD2DFE800F005080D1C1E1C3F
:109220001C1C0E00FAF7D0FB01E0FAF7DFFB01008F
:1092300001D116E01146606A37F81000B1FBF0F179
:10924000606801EB5001B1FBF0F0A0F11001414565
:1092500004D9012505E0FAF7DBFBE8E780B22168D5
:10926000C8600120A4F86A0024F8680F2846E66068
:109270002661BDE8F081000000800040F369FFCF67
:10928000FFF4FF110038014000100240004400408C
:1092900000480040004C0040005000400024F40012
:1092A00024A30008FFFC0F002DE9F047994617465C
:1092B0000D4604464FF00008089E33E0701C31D084
:1092C000F9F7F2F8A0EB0900B04218D8BEB1206857
:1092D0000168490726D5802D24D0402D22D0C169B0
:1092E000C94309070DD4082505622046FFF766FE2D
:1092F000C4F8905084F884800120BDE8F0870320F2
:10930000FBE7C069C04300050CD421684FF400603E
:1093100008622046FFF752FE2020C4F8900084F82F
:109320008480ECE72068C06935EA000004D00020A2
:10933000B842C3D00020E0E70120F9E74FF4806194
:109340000820FEF709FCFEE770B5050003D011B157
:109350000AB1082A01D9012070BD9400261D2246B9
:109360000748F7F740F8064806492044324609689E
:1093700001602846BDE8704002230149FAF77EBE2D
:109380003404002020A300084100080218BF042074
:109390000A0E18BF40F001004FF07F4232EA01018F
:1093A00008BF40F00200012808BF052070470907E8
:1093B000090E002804DB00F1E02080F8001470475B
:1093C00000F00F0000F1E02080F8141D704710B588
:1093D0002DED028BB1EEC08A18EE100A20F000408D
:1093E000C0F1FF40C00F0AD010EE100A20F000407C
:1093F000C0F1FF40C00F04BF0120F7F79AF8B0EEAC
:10940000480ABDEC028B10BD00B510EE101A2DED10
:10941000028B81B04D4A6846B2EB410F3CD94FF008
:10942000E640B0EB410F94BF00204FF0FF300090BA
:109430000098B0EE408A00285FDB28EE080ADFEDD6
:10944000440A9FED441A00EE201ADFED430A40EE75
:10945000010A9FED421A00EE201ADFED410A10F0DA
:10946000010F40EE010A9FED3F1A00EE201A61EE57
:10947000000AB0EE480A08EE200A02BF01B0BDECB7
:10948000028B00BDBFEE001A01B0C1EE000ABDECB8
:10949000028BB0EE600A00BD334B21F000429342D4
:1094A00028D911F0004FDFED310A20EE201ADFED50
:1094B000300A19BF31EE601A71EE200A31EE201A1F
:1094C00071EE600ABDEEE01A11EE100A9FED291A46
:1094D00000F0030000EEC10A9FED271A009000EE95
:1094E000C10A9FED261A00EEC10A9FED251A00EE73
:1094F000C10A9DE700F05AF89AE718EE100A4000FA
:10950000B0F17F4F0DD218EE100AFFF73DFF04288F
:1095100008BF00F043F8B0EE480A01B0BDEC028B82
:1095200000BD09D10120F7F704F801B0BDEC028BB2
:109530005DF804EB00F02AB801B0B0EE480ABDECCB
:10954000028B5DF804EB00F01DB80000B61F927EA0
:10955000BBE9223C0C6D063B8A76CE3CACB5593D4E
:1095600035A1083E29AAAA3E490E494683F9223F61
:109570000000004B0000C93F00A0FD390020A233CD
:109580001A61342C30EE000A70470000DFED020A49
:1095900080EEA00A70470000000000009FED020A64
:1095A00020EE000A70470000000000102DE9F001D5
:1095B0004FF07F42B2EB410F9FBF4FF0FF31016090
:1095C000BDE8F00170474FF0004242EA0123C1F3C9
:1095D000C752783A551112F01F0C434CCCF12006BB
:1095E0007C44C1F3C752A2F178024FEA621204EB45
:1095F000820254F8254008BFD2E9015612D05568BE
:1096000004FA0CF425FA06F73C43976805FA0CF5C2
:1096100027FA06F8D26807FA0CFCF24045EA08057A
:109620004CEA0206A4FB034CA5FB0352A6FB036312
:109630001D449D4234BF012600261319334416B140
:10964000934202D903E0934201D2012200E00022BA
:10965000624402F1200C9206DC0C42EA443200EE35
:10966000102A5B03DFED210AF8EEC01A00EE103A73
:109670004FEA9C1C11F0004FB8EE400AC0F800C041
:1096800020EE201A00EE105ADFED190AB8EE400A5B
:1096900020EE200A71EE810A70EE800A10EE902A08
:1096A00002F500626FF30B0200EE902A70EEE11AF1
:1096B00031EEC11ADFED101A30EE411A9FED0D0A9E
:1096C00020EE800A01EE210A9FED0C1A00EE810ABD
:1096D00004BFBDE8F0017047CCF180510160BDE8E6
:1096E000F001B1EE400A7047800D00000000003626
:1096F0000000802C22AAFD29DB0FC92F0000C92FF2
:10970000AA2148430521B0FBF1F003E000BF00BFF0
:1097100000BF00BF401EF9D270470000B6B0F9F795
:10972000E7FDFFF732FBFCF717FDFCF7CFFCFCF77A
:1097300081FDFCF769FAFCF7EDFAFCF7D1FFFCF7C5
:1097400047FBFCF7CBFBFCF745FCFDF793FFFDF770
:109750007DFFFBF747F88D4850F8941F8C4CC1F300
:1097600040716170016841F400010160FEF7BAFECA
:1097700060606420F8F762FDFDF748F8012185A2DA
:109780000846FDF71EF987A201210220FDF719F90D
:1097900088A201210320FDF714F98AA201210420E7
:1097A000FDF70FF9606818B16178FEF72FF808B17E
:1097B000F7F7AEFA7F218748F7F7AEFA98B97F211D
:1097C0008548F7F7A9FA70B97F218448F7F7A4FA1A
:1097D00048B97F218248F7F79FFA20B97F21814855
:1097E000F7F79AFA18B102221146202066E07C4968
:1097F0007C48FEF705FA0028F5D1764A7649774885
:10980000FBF716F90028EED1022277497148F8F7E4
:1098100079FB0028E7D1022274496F48F8F772FB00
:109820000028E0D1022272496C48F8F76BFB00284F
:10983000D9D101226F496A48F8F764FB0028D2D1D8
:1098400002226D496748F8F75DFB0028CBD16148DB
:10985000406D0068016821F0040101605E48406DC0
:109860000068016821F0040101605C48406D0068F7
:10987000016821F0040101605948406D00680168E9
:1098800021F0040101605748406D0068016821F033
:1098900004010160FEF73EF818B1082211461020BD
:1098A0000CE0F8F701FE04460BE000BFF8F7FCFD02
:1098B000001BC82805D3012211460820FEF7ECF84A
:1098C00076E7FEF703F80028F0D0FCF7F1FE4B48EE
:1098D000816841F480518160F8F7E6FD0446F8F7AD
:1098E000E3FD0746F8F7E0FD0646F8F7DDFD05461F
:1098F00002E0641CFEF71CF8F8F7D6FDA042F8D190
:10990000F8F7D2FDC01B0A2819D3F8F7CDFD07469A
:1099100011A8FEF735FA2CA8FEF700FA6846FBF707
:10992000B9F91FA8FDF712FF1FAB6A462CA911A8B1
:10993000FBF73AFF082232493248FFF705FDF8F7F6
:10994000B3FD801B642810D3F8F7AEFD064611A8BE
:10995000FEF716FA6846FBF79DF91FA8FDF7F6FE1D
:109960001FAA694611A8FCF77BF8F8F79DFD401B7C
:109970006428C1D3F8F798FD0546FEF7ADF8002836
:10998000BAD02148F9F7A5FCB6E700000010024064
:109990003C010020503A2020202020493A2020205D
:1099A00020200000423A2020202020553A2020206C
:1099B00020200000533A2020202020443A2020205C
:1099C00020200000463A2020202020483A20202055
:1099D0002020000028060020BC05002050050020A3
:1099E000E404002078040020100000200C00002077
:1099F00008000020DA000020E8000020002004E039
:109A00005804002080090020700900204FF04070A9
:109A1000E1EE100A7047000000000000B00AC93CE7
:109A20002FFB483D05A9963D36BDC83D73B2FA3DB2
:109A30008340163EA2102F3EC2C5473E135C603ED7
:109A4000CCCF783E938E883E31A0943EE59AA03EDE
:109A5000D47CAC3E2A44B83E15EFC33ECA7BCF3E11
:109A600080E8DA3E7533E63EEA5AF13E275DFC3E79
:109A70003D9C033F9BF5083FDA390E3F2A68133FB0
:109A8000C07F183FD17F1D3F9967223F5636273F41
:109A90004AEB2B3FBB85303FF304353F4268393FEB
:109AA000F9AE3D3F70D8413F03E4453F12D1493FF5
:109AB000029F4D3F3D4D513F31DB543F5348583F8E
:109AC0001A945B3F05BE5E3F98C5613F59AA643F4B
:109AD000D86B673FA7096A3F5E836C3F9ED86E3F95
:109AE0000809713F4714733F0BFA743F07BA763F7A
:109AF000F853783F9DC7793FBE147B3F283B7C3F9E
:109B0000AC3A7D3F24137E3F6DC47E3F6D4E7F3F58
:109B10000FB17F3F43EC7F3F0000803F000000001B
:109B20000000000000000000000000000000000035
:109B30000000000000000000000000000000000025
:109B40000000000000000000000000000000000015
:109B50000000000000000000000000000000000005
:109B600000000000000000000000000000000000F5
:109B700000000000000000000000000000000000E5
:109B800000000000000000F80000000000000033AA
:109B90003000000000100C06100C06000000000051
:109BA0000000000040C07840C0784000043F04043A
:109BB0003F040400007088FC08300000001820FFFB
:109BC000211E0000F008F000E018000000211C0336
:109BD0001E211E0000F00888700000001E212324B2
:109BE0001927211010160E000000000000000000D0
:109BF00000000000000000E0180402000000000760
:109C00001820400000020418E00000000040201866
:109C100007000000404080F0804040000202010F39
:109C200001020200000000F0000000000101011F1D
:109C300001010100000000000000000080B0700081
:109C40000000000000000000000000000001010111
:109C500001010101000000000000000000303000A0
:109C6000000000000000000080601804006018067A
:109C70000100000000E010080810E000000F1020B4
:109C800020100F00001010F8000000000020203FFE
:109C90002020000000700808088870000030282488
:109CA0002221300000300888884830000018202029
:109CB00020110E000000C02010F80000000704244E
:109CC000243F240000F80888880808000019212093
:109CD00020110E0000E0108888180000000F1120ED
:109CE00020110E0000380808C83808000000003FA6
:109CF000000000000070880808887000001C222105
:109D000021221C0000E010080810E00000003122B1
:109D100022110F00000000C0C00000000000003051
:109D200030000000000000800000000000008060A3
:109D30000000000000008040201008000001020424
:109D4000081020004040404040404000040404040B
:109D500004040400000810204080000000201008C7
:109D600004020100007048080808F00000000030FC
:109D700036010000C030C828E810E000071827248A
:109D800023140B000000C038E0000000203C230238
:109D90000227382008F8888888700000203F20209B
:109DA00020110E00C03008080808380007182020CD
:109DB0002010080008F808080810E000203F2020C4
:109DC00020100F0008F88888E8081000203F2020A5
:109DD0002320180008F88888E8081000203F200099
:109DE00003000000C03008080838000007182020D1
:109DF000221E020008F808000008F808203F210190
:109E000001213F20000808F8080800000020203F3A
:109E10002020000000000808F8080800C0808080AA
:109E20007F00000008F888C028180800203F2001A3
:109E30002638200008F8080000000000203F2020FD
:109E40002020300008F8F800F8F80800203F003F14
:109E5000003F200008F830C00008F808203F20002C
:109E600007183F00E01008080810E0000F1020203D
:109E700020100F0008F808080808F000203F210112
:109E800001010000E01008080810E0000F18242469
:109E900038504F0008F8888888887000203F2000DC
:109EA000030C302000708808080838000038202192
:109EB00021221C00180808F8080818000000203F9C
:109EC0002000000008F808000008F808001F202003
:109ED00020201F000878880000C8380800000738D4
:109EE0000E010000F80800F80008F800033C070025
:109EF000073C0300081868808068180820302C038D
:109F0000032C30200838C800C83808000000203F63
:109F10002000000010080808C83808002038262152
:109F200020201800000000FE020202000000007F56
:109F300040404000000C30C0000000000000000164
:109F40000638C00000020202FE000000004040404F
:109F50007F00000000000402020204000000000074
:109F600000000000000000000000000080808080F1
:109F700080808080000202040000000000000000D9
:109F80000000000000008080808000000019242272
:109F900022223F2008F8008080000000003F1120AE
:109FA00020110E000000008080800000000E1120B3
:109FB00020201100000000808088F800000E112091
:109FC00020103F200000808080800000001F22229F
:109FD00022221300008080F0888888180020203F0B
:109FE000202000000000808080808000006B94941E
:109FF0009493600008F8008080800000203F2100DA
:10A0000000203F2000809898000000000020203FA2
:10A0100020200000000000809898000000C0808090
:10A02000807F000008F8000080808000203F24022C
:10A030002D302000000808F8000000000020203F1C
:10A04000202000008080808080808000203F2000D1
:10A050003F20003F8080008080800000203F210062
:10A0600000203F200000808080800000001F202012
:10A0700020201F00808000808000000080FFA12041
:10A0800020110E000000008080808000000E112052
:10A0900020A0FF80808080008080800020203F21E1
:10A0A0002000010000008080808080000033242494
:10A0B00024241900008080E0808000000000001F40
:10A0C000202000008080000000808000001F2020F1
:10A0D00020103F20808080000080808000010E30B2
:10A0E0000806010080800080008080800F300C0313
:10A0F0000C300F0000808000808080000020312E16
:10A100000E312000808080000080808080818E70F1
:10A110001806010000808080808080000021302CA3
:10A120002221300000000000807C020200000000BC
:10A13000003F404000000000FF0000000000000061
:10A14000FF0000000002027C800000000040403F51
:10A1500000000000000601010202040400000000EB
:10A1600000000000010000010001200000080008BC
:10A1700000080008000800086F12833A6F12833A43
:10A180006F12833A0AD7233C0AD7233C0AD7233CD1
:10A1900001010101010100000000803F02001000E8
:10A1A000EF0F080000007042000000423C00000079
:10A1B0006666663FE803000010270000000000000C
:10A1C000000000000000000000000000000000008F
:10A1D000000000000000000000000000000000007F
:10A1E000000000000000000000000000000000006F
:10A1F000000000000000000000000000000000005F
:10A20000000000000000000000000000000000004E
:10A21000000000000000000000000000000000003E
:10A22000000000000000000000000000000000002E
:10A23000000000000000000000000000000000001E
:10A24000000000000000000000000000000000000E
:10A2500000000000000000000000000000000000FE
:10A2600000000000000000000000000000000000EE
:10A2700000000000000000000000000000000000DE
:10A28000000000000000000001000000000010427B
:10A29000000048420000404000005C420000704264
:10A2A000000034420000204200008042000084424E
:10A2B0000000803F9A990142556A763A6F12833BBB
:10A2C00000401C466666663F9A9999400000803FB0
:10A2D0006666A6400000A0400000A0410000A0402B
:10A2E0000000A0429A99993E0000704100007A4413
:10A2F000000048420000A0400000003F0000204154
:10A300000000003F3C00F401401FC800E9B5593B84
:10A3100040A4DF3C0586AC3CFE07FE0701010100BE
:10A320000000807F010002000400060008000A000F
:10A330000C0010002000400080000001010101031A
:10A3400007010000080402040801010100000000E8
:10A3500000000000010203040607080900000000D5
:10A3600001020304000000006E83F9A22915444E87
:10A37000D15727FCC0DD34F5999562DB4190433C11
:10A38000AB6351FEA4A30008000000205C010000A4
:10A3900014020008BCA300085C0100201C0F000090
:10A3A0007002000801A40230C85AFF078A0F040196
:0CA3B00024033E1027321082011324F415
:04000005080001D915
:00000001FF
