:020000040800F2
:1000000080100020B902000845660008F947000882
:1000100039660008BD0700082194000800000000B0
:10002000000000000000000000000000698E0008D1
:100030000F0D000800000000098D00086B8E0008FD
:10004000D3020008D3020008D3020008D30200083C
:10005000D3020008D3020008D3020008D30200082C
:10006000D3020008D3020008D3020008250C0008C0
:10007000310C0008D3020008D3020008D3020008A4
:10008000D3020008D3020008BD050008D30200080F
:10009000D3020008D3020008D3020008D3020008EC
:1000A000D3020008D3020008D3020008D3020008DC
:1000B000D3020008D3020008D3020008D3020008CC
:1000C000D3020008D3020008D3020008D3020008BC
:1000D000D3020008D3020008D3020008D3020008AC
:1000E000D3020008D3020008D3020008D30200089C
:1000F000D3020008D3020008D3020008D905000883
:10010000D3020008D3020008D3020008D30200087B
:10011000D3020008D3020008D3020008D30200086B
:100120003D0C0008490C0008550C0008D3020008DB
:10013000D3020008E5050008F1050008D302000815
:10014000D3020008D3020008D3020008D30200083B
:10015000D3020008D3020008D3020008D30200082B
:10016000D30200087D410008D3020008D302000832
:10017000D3020008D3020008D3020008D30200080B
:10018000D3020008D3020008D3020008D3020008FB
:10019000D302000800000000D3020008D3020008C8
:1001A000D3020008D3020008D3020008D3020008DB
:1001B000D3020008D3020008D3020008D3020008CB
:1001C000D3020008D3020008D3020008D3020008BB
:1001D000D3020008D302000800F002F800F05CF837
:1001E0000AA090E8000C82448344AAF10107DA4592
:1001F00001D100F051F8AFF2090EBAE80F0013F088
:10020000010F18BFFB1A43F00103184774A2000046
:1002100094A200000A444FF0000C10F8013B13F0C8
:10022000070408BF10F8014B1D1108BF10F8015B4F
:10023000641E05D010F8016B641E01F8016BF9D142
:1002400013F0080F1EBF10F8014BAD1C0C1B09D199
:100250006D1E58BF01F801CBFAD505E014F8016B0B
:1002600001F8016B6D1EF9D59142D6D3704700009D
:100270000023002400250026103A28BF78C1FBD8AF
:10028000520728BF30C148BF0B6070471FB509F047
:100290003BFC1FBD10B510BD00F05AF91146FFF729
:1002A000F5FF09F0ADFA00F078F903B4FFF7F2FFBB
:1002B00003BC00F07BF9000009488047094800476B
:1002C000FEE7FEE7FEE7FEE7FEE7FEE7FEE7FEE706
:1002D000FEE7FEE704480549054A064B7047000063
:1002E000D98E0008D9010008800A00208010002063
:1002F000800C0020800C002053EA020C00F0698082
:100300002DE9F04B4FF00006002B1FBFB3FA83F529
:1003100003FA05F424FA05F65E4012BF1643B2FA5A
:1003200082F502FA05F4C5F120051EBF22FA05FC8C
:1003300044EA0C04203556EA044C4FEA144418BF32
:10034000641C4FF000084FF00009904271EB030C61
:1003500039D3002919BFB1FA81F701FA07F6B0FACB
:1003600080F700FA07F6C7F120071EBF20FA07FC46
:1003700046EA0C062037B6FBF4FCA7EB0507103F56
:1003800007F01F0BCBF120060CFA0BFB2CFA06F63C
:1003900044BFB3460026202FA4BF5E464FF0000B9B
:1003A0005BEA060C08BF4FF0010B19EB0B09ABFB26
:1003B000027C48EB0608C01B06FB02CC0BFB03CCFF
:1003C00071EB0C01C1E70B46024641464846BDE8C9
:1003D000F08B13B54FF000004FF00001AFF3008039
:1003E000BDE81C407047032A40F2308010F0030C37
:1003F00000F0158011F8013BBCF1020F624498BF78
:1004000011F801CB00F8013B38BF11F8013BA2F114
:10041000040298BF00F801CB38BF00F8013B11F08F
:10042000030300F02580083AC0F0088051F8043B2F
:10043000083A51F804CBA0E80810F5E7121D5CBF9C
:1004400051F8043B40F8043BAFF30080D20724BFCF
:1004500011F8013B11F801CB48BF11F8012B24BF63
:1004600000F8013B00F801CB48BF00F8012B7047B2
:1004700010B5203AC0F00B80B1E81850203AA0E83F
:100480001850B1E81850A0E81850BFF4F5AF5FEA73
:10049000027C24BFB1E81850A0E8185044BF18C926
:1004A00018C0BDE810405FEA827C24BF51F8043BCD
:1004B00040F8043B08BF7047D20728BF31F8023B21
:1004C00048BF11F8012B28BF20F8023B48BF00F8B5
:1004D000012B70474FF0000200B513469446964634
:1004E000203922BFA0E80C50A0E80C50B1F1200147
:1004F000BFF4F7AF090728BFA0E80C5048BF0CC0F5
:100500005DF804EB890028BF40F8042B08BF704752
:1005100048BF20F8022B11F0804F18BF00F8012BC4
:10052000704770477047704710B500F009F80068D1
:1005300010BD10B5044600F003F8046010BD0000C3
:1005400000487047200A002000487047200A002019
:100550007546FFF7F9FFAE4605006946534620F0A1
:100560000700854618B020B5FFF7B4FEBDE820406F
:100570004FF000064FF000074FF000084FF0000B5F
:1005800021F00701AC46ACE8C009ACE8C009ACE812
:10059000C009ACE8C0098D46704710B50446AFF3FA
:1005A00000802046BDE81040FFF77FBE01491820BB
:1005B000ABBEFEE7260002007047000010B50448FD
:1005C00001F070F8BDE81040024801F06BB800007F
:1005D00088010020F4010020014801F063B8000008
:1005E00060020020014801F05DB80000CC0200204C
:1005F000014801F057B800003803002010B5846AA4
:10060000E16D11F0500F06D0E16DC90625D52046E9
:1006100001F038F810BDE06D40F40070E06520682E
:100620000168090716D505F031FA78B12068C0686D
:10063000800400280ADBE06D20F48070E065E06D46
:10064000C00403D4E06D40F00100E065204600F0F6
:10065000D5FF10BDC0688007EBE7616D496BBDE851
:100660001040084710B5806AC16D41F04001C16576
:10067000016E41F00401016601F004F810BD10B5EF
:10068000806A00F0FDFF10BD70B504460068816807
:100690008268C1F3400112F0010F28D039BB816894
:1006A00001F00D01012914D18168124A1140891C01
:1006B000816021680320086001F01AFF054612E0FE
:1006C00001F016FF401B02280DD920688068C00782
:1006D00009D0E06D40F01000E065206E40F00100B0
:1006E0002066012070BD20688068C007E8D1002026
:1006F00070BD0000C0FFFF7FF8B5044600200090E9
:100700002068816811F0010F4AD18168254A1142A1
:1007100037D18168D5432940491C81602068B0F1F8
:10072000A04F02D02049884201D1204800E0204853
:10073000806800F0E07000020DD51E481E49006878
:10074000B0FBF1F0401C00EB4000800000E0401ED8
:1007500000900028FBD101F0CBFE06461BE081682B
:1007600011F0010F03D181682940491C816001F01B
:10077000BFFE801B02280ED920680068C043C00756
:1007800009D0E06D40F01000E065206E40F00100FF
:1007900020660120F8BD20680168C943C907DED181
:1007A0000020F8BD3F000080000100500003005011
:1007B0000007005064010020400D03004FF48061E9
:1007C000082007F017FAFEE7B5EEC00AF1EE10FABE
:1007D00001D2B1EE400A7047002100F001B80000DC
:1007E00070B50D462DED088BB0EE618AF0EE418AB2
:1007F000B0EE609AF0EE409A04007DD094F840008C
:1008000000287AD0B0EE690A00F0A8F90028F8D0E4
:10081000B0EE490A00F0A2F90028F2D0B0EE680A62
:1008200000F09CF90028ECD0B0EE480A00F096F9F0
:100830000028E6D094ED010AB4EEC80AF1EE10FAF1
:100840005BDCF0EE000A80EE880A69EE800A29EE91
:10085000001A28EE800AC4ED020A84ED031A84ED22
:10086000040AB0EE600A00F079F90028C9D094EDCE
:10087000030A00F073F90028C3D094ED040A00F0D5
:100880006DF90028BDD094ED022ADFED990AD4ED70
:10089000031A94ED041A22EE200A01EEA00A01EEDA
:1008A000200A84ED050A32EE409A71EEC08A31EEDC
:1008B000408A00F053F90028A3D0B0EE490A00F0B6
:1008C0004DF900289DD0B0EE680A00F047F90028E5
:1008D00013D0B0EE480A00F041F900280DD0B0EE78
:1008E000481AF0EE680AB0EE490A00F05DF9F0EE41
:1008F000400AB0EE680A01E026E0AFE0B4EEC09A2C
:10090000F1EE10FA01D2B0EE490AB0EE481AB4EE98
:10091000C10AF1EE10FA01D3B0EE480ABEEE001A99
:10092000F6EE009A60EE810A40EE690AC4ED060A0E
:1009300070EE89AA30EEA8BA70EE88BA45B194ED8F
:10094000050A30EEC0AA05E00020BDEC088B70BDA2
:100950009FED68AAB0EE600A00F000F900287DD093
:10096000B0EE6A0A00F0FAF8002877D0B0EE4B0A31
:1009700000F0F4F8002871D0B0EE6B0A00F0EEF849
:1009800000286BD0B0EE4A0A00F0E8F8002865D0E5
:10099000B0EE6B0AFFF718FFF0EE408AB0EE4B0A9C
:1009A000FFF712FFB0EE408AB0EE6A0AFFF70CFFC5
:1009B000B0EE681AF0EE480A00F0F6F8B0EE409A91
:1009C00075B1B0EE4A0AFFF7FFFEB4EEC90AF1EEC8
:1009D00010FA05DDB0EE4A0AFFF7F6FEB0EE409AD7
:1009E000002084F8420094ED000AF7EE008A012509
:1009F000B4EEC90AB0EE688AF1EE10FA03D280EEC6
:100A0000098A84F8425084ED078A2AEE880A6BEE40
:100A1000080A84ED080AC4ED090A6BEE880A30EE74
:100A2000280AC4ED0A0A6AEE080A20EE290AC4ED73
:100A30000B0A00F0A7F884ED0C0A94ED090A30EED9
:100A4000280A20EE290A00F09DF884ED0D0A94EDA5
:100A50000A0A30EE280A20EE290A00E03FE000F002
:100A600091F884ED0E0A94ED0B0A30EE280A20EE80
:100A7000290A00F087F884ED0F0A94ED0C0A00F0C3
:100A80006DF860B394ED0D0A00F068F838B394ED9A
:100A90000E0A00F063F810B394ED0C0AB5EEC00A2C
:100AA000F1EE10FA1BD310EE100A4FF07E5188427F
:100AB00015DC94ED0D0AB5EEC00AF1EE10FA0ED376
:100AC00010EE100A88420ADC94ED0E0AB5EEC00A58
:100AD000F1EE10FA03D310EE100A884203DD20462F
:100AE00000F076F830E784F8415001202DE700004F
:100AF000ABAAAA3E0000000010B504002DED028B49
:100B0000F0EE608AB0EE408A1ED04421FFF7E2FC8E
:100B1000204600F05DF8B0EE480A00F01FF898B1EA
:100B2000B0EE680A00F01AF870B1B5EEC08AF1EEC6
:100B300010FA09D918EE100AB0F17E5F04DCF5EE68
:100B4000C08AF1EE10FA03D80020BDEC028B10BD74
:100B500084EC028A012084F84000F6E7B4EE400AF3
:100B6000F1EE10FA09D110EE100AB0F1FF4F04DADD
:100B700010EE100A10F5000F01D30020704701207D
:100B80007047000010EE100AB0F17E5F02DDB7EE94
:100B9000000A7047B5EEC00AF1EE10FAF9D29FEDE7
:100BA000010A704700000000B4EEE00AF1EE10FA0E
:100BB00001DCB0EE600AB4EEC10AF1EE10FA01DC1D
:100BC000B0EE410A7047002801D000F001B870472C
:100BD0009FED130AF7EE000A80ED020A80ED030A8A
:100BE00080ED040A80ED050A80ED060AC0ED070AD3
:100BF00080ED080A80ED090A80ED0A0A80ED0B0AF3
:100C0000B6EE000A80ED0C0A80ED0D0A80ED0E0AAA
:100C100080ED0F0A002180F8411080F842107047E3
:100C200000000000014801F027BA0000A4030020E2
:100C3000014801F021BA000004040020014801F03D
:100C40001BBA000064040020014801F015BA00003E
:100C5000C4040020014801F00FBA00002405002060
:100C600010B501680E4CCAB21423083AA14203D24F
:100C7000B2FBF3F20B4904E0B2FBF3F20949203175
:100C80000832436C02F01F0223F00303194481640D
:100C900004498031C16401219140016510BD00000B
:100CA00008040240000802400179084A01F07F016F
:100CB00002EB81024265054A4432491E826501F019
:100CC0001F0201219140C16570470000FC080240ED
:100CD00030B5D0E913456560446D14B1D0E91645CF
:100CE000656090F8444004F01F050124AC40056C99
:100CF0006C60046863608368102B036803D099609C
:100D00000068C26030BD9A600068C16030BD704745
:100D100006F08AFC0348016841F02001016072B6C8
:100D2000FEE7000084000020F8B500260446009687
:100D300090F858000D4601280BD0012084F8580087
:100D40002046FFF7A1FC0100E06D04D040F0100048
:100D50002AE00220F8BD20F4885040F00200E0654F
:100D600020688268134B1A4005F080431A4342F012
:100D700000428260104A20680EE0009B5B1C0093DA
:100D8000934209D3E06D20F0020040F01000E065CE
:100D900084F858600120F8BD8368DB0FEDD1E06D69
:100DA00020F0020040F00100E06584F85860084639
:100DB000F8BD0000C0FFFF3F02DE0400704770472F
:100DC000704730B10068B0F1A04F02D0102006F09B
:100DD0006DBD42F2200006F07ABD70472DE9F04F5C
:100DE000044690F858009BB00F464FF0000B0128C6
:100DF00012D0012084F85800002617961896206813
:100E00004FF0A048DFF81C91DFF81CA1474D40458A
:100E100006D12846009508E002201BB0BDE8F08FFF
:100E200048450AD15046CDF800A004F02BFE0090B2
:100E3000206804F027FE40B109E0E06D40F020009A
:100E4000E06584F858600120E7E7009850B1E06D54
:100E500040F02000E0654FF0010B00BF84F85860BF
:100E60005846DAE720684146884201D0A84201D1BD
:100E70002F4800E02F48D7F800C02F4B40F61F72D4
:100E8000BCF1000F2DD0D0F808C094F838802CF4B5
:100E9000604C4CEA483CD7F804804CEA080CC0F897
:100EA00008C0D4F800C08C4501D0AC4504D1896895
:100EB000AB6801F0010109E0D9F80810DAF8085030
:100EC00001F0010105F001059B68294303F00103CE
:100ED0001943C3D1BB6839681943836893431943E5
:100EE0001DE0876827F46047876027688F4201D03C
:100EF000AF4204D18968AB6801F0010109E0D9F87B
:100F00000810DAF8085001F0010105F001059B68AE
:100F1000294303F001031943A0D181689143816003
:100F20009CE7000000040050000500500001005044
:100F30000003005000070050000600502DE9F05F4C
:100F4000044690F858000D464FF4400701280FD092
:100F5000012684F85860206804F090FD80462068DF
:100F600004F088FDDFF8189258EA000003D0BEE0D4
:100F70000220BDE8F09F28684946824A4FF40003EA
:100F80004FF0807C4FF0C0784FF0E07B884244D136
:100F90006868B0F1A07F19D008DC984234D0B8421C
:100FA0000ED0604533D1784A206815E0404512D014
:100FB00058452CD1A86820F07C7040F0E0720AE01F
:100FC000A86820F07C7040F4400204E0A86820F09B
:100FD0007C7040F0A072206804F060FD2068016A17
:100FE000AA6921F4E04111430162E06D20F48030F0
:100FF000E065206880210160287B01282068416825
:1010000008D021F0800171E0604A2068E4E7002206
:101010002068E1E741F0800168E06968DFF870A1CD
:10102000B1F1A07F0BD006DC994233D0B94206D093
:10103000614547D12EE041452CD0594542D1216828
:10104000504513D1D1F8A020A86843030BD090FAE3
:10105000A0F0B0FA80F000BF00F01F0086403243DD
:10106000C1F8A0201BE0C0F38460F5E7D1F8A4200C
:10107000A86843030BD090FAA0F0B0FA80F000BF4C
:1010800000F01F0086403243C1F8A42007E0C0F3FF
:101090008460F5E723680146184604F0FFFC2968E0
:1010A000E06D514514D120F40030E06520684FF424
:1010B00080710160287B01282068416805D021F4F7
:1010C000807113E000222368E5E741F480710DE0B0
:1010D00020F48020E06520684FF400710160287BD7
:1010E00001282068416813D021F4007141602A680A
:1010F0004A4510D123682869D968DB68C1F3C1016A
:10110000490088406969C3F3C1035B00994026E048
:1011100041F40071EAE72368D8680426C0F3C100EF
:101120000328286909D0D968C1F3C101494206EBF7
:10113000410101F01F01C84000E08000D968C1F3FF
:10114000C1010329696909D0DB68C3F3C1035B42AC
:1011500006EB430303F01F03D94000E089000C2590
:10116000236805EA92421A44136A41EA004003F0F8
:10117000F02303431362002084F85800F9E60000CE
:101180000000C07DFFFF8701FFFF0701FFFF870011
:10119000FFFF17002DE9F84F00270446009790F84D
:1011A0005800DFF818840D46B946012811D00126F1
:1011B00084F85860206804F061FC60B1E06D40F094
:1011C0002000E0655FF0010784F858903846BDE8DC
:1011D000F88F0220FBE7D5E900210C23206803EA01
:1011E00091131844036B01F01F014FF01F0C0CFA10
:1011F00001FCC2F3846223EA0C038A4013430363B5
:10120000206804F03BFC8246206804F033FC5AEA74
:1012100000003CD1AA6829682068B2F1004F37D09D
:1012200004F052FC2068416921F0004141612068CE
:101230006969C268C2F3C102520091402A69042A56
:1012400031D000EB82002B68026EDFF874C303F02C
:10125000F84302EA0C020B431A4342F000410166D4
:1012600020682A69A96900EB8200026E22F0807270
:101270000A430266297F20682A69012910D00021CB
:1012800000EB8200026E22F000720A4302667DE0EB
:10129000002204F019FC2068416941F00041C5E7D3
:1012A0004FF00071ECE7002104F0DEFB4003206802
:1012B0004FF0000172D004F0D7FB90FAA0F0B0FA22
:1012C00080F1286842036ED090FAA0F0B0FA80F066
:1012D000814204D100221146206804F004FC01215F
:1012E000206804F0C1FB400320684FF001015DD08D
:1012F00004F0BAFB90FAA0F0B0FA80F1286842033B
:1013000059D090FAA0F0B0FA80F0814204D10022C6
:101310000121206804F0E7FB0221206804F0A4FB0F
:10132000400320684FF0020148D004F09DFB90FA82
:10133000A0F0B0FA80F12868420344D090FAA0F0FF
:10134000B0FA80F0814204D100220221206804F02A
:10135000CAFB0321206804F087FB400320684FF09C
:10136000030133D004F080FB90FAA0F0B0FA80F1D2
:10137000286842032FD090FAA0F0B0FA80F08142A2
:1013800004D100220321206804F0ADFB20688168AD
:1013900011F0010F22D0ACE000E004E004F064FBA7
:1013A000C0F384618DE7C0F3846091E704F05CFBD7
:1013B000C0F38461A2E7C0F38460A6E704F054FBA5
:1013C000C0F38461B7E7C0F38460BBE704F04CFB73
:1013D000C0F38461CCE7C0F38460D0E72A7B29683E
:1013E00050F8B03FC1F3120C23EA0C0302F0180CC2
:1013F000744A22FA0CF20A4013430360E96841453B
:1014000077D1286841031CD090FAA0F1B1FA81F19C
:10141000491C01F01F0109294FEA403132D8002947
:1014200012D000BF90FAA0F1B1FA81F101F10101EF
:1014300001F01F0106FA01F609D100BFC0F3846173
:1014400009E0C0F38461E3E7C0F38461EEE790FA5A
:10145000A0F1B1FA81F101F1010101F01F0146EAA9
:10146000816102D1C0F3846003E090FAA0F0B0FA89
:1014700080F000F1010000F01F0000EB400041EAA5
:10148000005132E000290ED090FAA0F1B1FA81F1BA
:1014900001F1010101F01F0106FA01F606D100BFBA
:1014A000C0F3846106E0C0F38461F1E790FAA0F133
:1014B000B1FA81F101F1010101F01F0146EA8161F8
:1014C00002D1C0F3846003E090FAA0F0B0FA80F09B
:1014D00000F1010000F01F003B4A00EB400002EB6E
:1014E000005041EA000141F00071AA68206804F050
:1014F000EBFA36482B6803423FF466AE21684FF0A2
:10150000A04C334D3348344E614501D0A94201D13E
:10151000024600E032469268DFF8C08002F0E072D6
:10152000434503D0DFF8B880434521D15FEA022864
:101530001ED4614506D02B4B99427FF445AEA9429B
:1015400000D0304642F40001826822F0E0720A4383
:101550008260254825490068B0FBF1F0401C00EB93
:101560004000800000E0401E00900028FBD12BE6E8
:10157000DFF87C8043450DD15FEAC2180AD4A94246
:10158000F5D01C4B9942F2D0614500D0304642F074
:1015900080710CE0DFF860804345E8D15302E6D467
:1015A000A942E4D0614500D0304642F4800182680F
:1015B00022F0E0720A43826006E6000000007F40ED
:1015C00000F0FF03FFFF0700000020FE000008807E
:1015D000000100500003005000070050000021C32C
:1015E0001000C0900006005064010020400D030070
:1015F000000052C700050050000084CB00B591B038
:10160000002822D0006800281FD01949884204D140
:1016100011B05DF804EB06F003BFB0F1A04F06D0A7
:101620001449884213D1684603F046FC15E006F0E1
:10163000B3FD06F0EDFB002807D111B05DF804EB17
:1016400006F07EB8684605F0F7FF11B000BD0A4904
:10165000884205D1684603F037FC0028F2D1F4E750
:1016600006498842F1D1684603F036FCF5E70000F0
:10167000000100500004005000050050000600501A
:101680007047000030B10068B0F1A04F02D00449AB
:10169000884202D1022006F01AB9022006F006B9EB
:1016A000000100502DE9F84F0446006806684568BF
:1016B0004FF0A048DFF89092404501D0484501D155
:1016C000A24800E0A248806800F01F07B0070ED5CE
:1016D000A8070CD5E06DC00603D4E06D40F40060AF
:1016E000E0652046FFF76AFB216802200860DFF80A
:1016F00064B2DFF864A2700701D5680703D430072D
:101700003FD528073DD5E06DC00603D4E06D40F419
:101710000070E065206804F0B9F960B320684845BE
:1017200001D1424604E0584501D1524600E002464C
:10173000824208D03FB1052F05D0092F03D048457C
:1017400003D1414606E0C16805E0584501D1514644
:1017500000E00146C96889040DD4016809070AD56B
:1017600004F08CF958B3E06D40F01000E065206E95
:1017700040F0010020662046FFF740FF21680C2062
:101780000860B00601D5A80603D470065FD56806C8
:101790005DD5E06DC00603D4E06D40F40050E06517
:1017A0002068C16C11F4C07F1AD00021009104F0B0
:1017B0006DF902462068484514D1434617E0206879
:1017C000416821F00C014160E06D20F48070E0651B
:1017D000E06DC004CFD4E06D40F00100E065CAE7E1
:1017E0000121E3E7584501D1534600E00346834217
:1017F00008D03FB1062F05D0072F03D0484503D1AD
:10180000414606E0C16805E0584501D1514600E077
:101810000146C968009BA3B18B0102D58AB18A0435
:101820000FD4026852060CD589020AD404F022F9BA
:10183000F0B3E06D40F01000E065206E40F0010074
:1018400020662046FFF7BBFA21686020086030065A
:101850000BD5280609D5E06D40F48030E0652046C0
:1018600000F094F9216880200860F0050CD5E805A7
:101870000AD5E06D40F40030E0652046FFF7A1FA9C
:1018800021684FF480700860B0050CD5A8050AD512
:10189000E06D40F48020E0652046FFF79EFA216865
:1018A0004FF400700860F00631D5E8062FD500E04F
:1018B00009E0E06BE8B12068EFB3404501D048454E
:1018C00012D1224811E02068416821F06001416096
:1018D000E06D20F48050E065E06DC005B1D4E06DAE
:1018E00040F00100E065ACE71948806800F4604012
:1018F00050B1E06D40F48060E065206E40F0020081
:1019000020662046FFF7BEFE2168102008607005A3
:1019100017D5680515D5E06D40F48040E065206E70
:1019200040F00800206621684FF48060086020467F
:10193000BDE8F84F00E001E0FFF742BAC068C00719
:10194000D6E7BDE8F88F000000010050000300500A
:10195000000700500005005000040050F8B54FF09B
:10196000000504002E46009502D0E06D10B107E09E
:101970000120F8BD204600F01DF9266684F8586065
:1019800020688168C1F3407119B18168734A1140C0
:10199000816020688168C1F3007189B98168704AEB
:1019A000114041F0805181606E486F490068B0FB82
:1019B000F1F04000801C00E0401E00900028FBD1A8
:1019C00020688168C1F3007141B9E16D41F01001F7
:1019D000E165216E41F001012166012504F04EF818
:1019E000E16DC90600D430B1E06D40F01000E06553
:1019F00001252846F8BDE06D20F4807040F002001B
:101A0000E0652068816811F0010F27D14FF0A043F5
:101A1000564A984201D0904204D19968966801F0E4
:101A200001010AE052498968524E01F00101B6688D
:101A300006F001063143504EB66806F00106314308
:101A40000CD1984201D0904201D14C4800E04C4862
:101A50006168826822F47C120A438260E168E06B6C
:101A6000627F0843A16841EA4231084394F8241098
:101A700040EA0140012904D1218D424A02EB414153
:101A80000843E16A29B101F47871226B014342EA0B
:101A900001002268D1683C4B19400143D1602068A5
:101AA0000169626B21F0406111430161206803F01C
:101AB000E1FF70BB207F94F838102268800340EA71
:101AC0004100D16844F2020399430143D160206987
:101AD0000028206801690AD041F480310161206842
:101AE00050F8C01F22696FF30D01114307E021F484
:101AF00080310161206850F8C01F6FF30D01016053
:101B000094F8400001280CD02068016921F00101FF
:101B10000161606901282068016B21F00F0111D07B
:101B200013E0D4E911010843D4E913121143084327
:101B300021680A6940F2FC739A43104340F00100A7
:101B40000861E6E7226A521E11430163E06D20F04E
:101B5000020040F00100E0654BE70000C0FFFF5FBE
:101B6000C0FFFF7F64010020400D03000001005012
:101B70000004005000050050000600500003005013
:101B8000000700500000FEFF0740F0FF50B1006862
:101B9000B0F1A04F06D00649884206D144F2400079
:101BA00005F095BE41F21000FAE7102005F07EBE68
:101BB000000100502DE9F04F9BB00746142115A8F5
:101BC000FEF788FC54216846FEF784FC4FF4004180
:101BD000386800258A03CF4ECF4C4FF003084FF0F2
:101BE000800B4FF480794FF4806AB0F1A04F10D091
:101BF000CA4B98427DD168461192009101F08CFC4D
:101C000008B1FFF785F83068401C306001284ED0DD
:101C100055E068461192009101F07EFC08B1FFF793
:101C200077F83068401C3060012807D1E06C40F440
:101C30000050E064E06C00F400501A90E06C40F05A
:101C40000400E064E06C00F004001A90E06C40F0E6
:101C50000100E064E06C022600F001001596CDE979
:101C600016851A90444615A9AD4800F01DFB15A92C
:101C70004FF090401596CDE9164500F015FBAA4CA3
:101C8000A84820600520C4E901052020C4F814906C
:101C9000C4E906A000022062204632E07C650022F2
:101CA00001211220A76201F09FFB12208BE0E06C63
:101CB00040F40050E064E06C00F400501A90E06CD6
:101CC00040F00400E064E06C179500F004001A9006
:101CD0000120CDE9150815A9914800F0E5FA9148D1
:101CE000914C1430603420602420C4E90105202088
:101CF00000E00FE0C4F81490C4E906A000022062DE
:101D00002046C4E9035B00F015FA0028C6D0FEF7B0
:101D1000FFFFC3E7854B9901CA03984258D1684633
:101D20001292009101F0F8FB08B1FEF7F1FF706824
:101D3000401C7060012807D1E06C40F48040E064F2
:101D4000E06C00F480401A90E06C40F00200E06427
:101D5000E06C00F002001A90E06C40F00800E064D3
:101D6000E06C15A900F008001A900120444681E8B3
:101D700031006F4800F098FA564615A96D48CDF825
:101D800054A0CDE9164500F08FFA674C6A48C0347C
:101D900020602520C4E901052020C4F81490C4E97E
:101DA000066000022062C4E9035B204600F0C2F92D
:101DB00008B1FEF7ADFF7C65002201212F20A7624C
:101DC00001F012FB2F2001F001FB1BB0BDE8F08FEA
:101DD0005A4B984254D168461292009101F09CFBF4
:101DE00008B1FEF795FF7068401C7060012807D1AC
:101DF000E06C40F48040E064E06C00F480401A90B5
:101E0000E06C40F01000E064E06C00F010001A900C
:101E1000E06C40F00800E064E06C15A900F00800F8
:101E20001A904FF48040444681E83100444800F065
:101E30003BFA4E4615A93F48CDF85490CDE91645DA
:101E400000F032FA3C483F4C143020602620C4E9B0
:101E5000010520206661C4E906A000022062C4E9F1
:101E6000035B204600F066F908B1FEF751FF7C6580
:101E7000002201213D20A76201F0B6FA3D20A2E731
:101E8000314B9842A1D168461292009101F044FB77
:101E900008B1FEF73DFF7068401C7060012807D153
:101EA000E06C40F48040E064E06C00F480401A9004
:101EB000E06C40F00800E064E06C179500F008006A
:101EC0001A904FF48440CDE9150815A9194800F07F
:101ED000EBF91C4C18486034283020602720C4E9F6
:101EE00001052020C4F81490C4E906A00002206275
:101EF000C4E9035B204600F01DF908B1FEF708FFB6
:101F00007C65002201213E20A76201F06DFA3E208F
:101F100059E70000100000200010024000010050AE
:101F20000008004808000240A403002000040050FC
:101F300000040048000C004808040240000500505E
:101F400000100048C4040020000600502DE9F047AE
:101F5000044600684FF0A0483D4F91468A464045F0
:101F600001D0B84201D13B4900E03B49896801F00A
:101F70001F0503F083FD002868D194F8580001285C
:101F800064D0012084F8580034492068884201D187
:101F9000012000E00020401E28424FF0000605D03E
:101FA000052D03D0092D01D0012003E02046FEF7C6
:101FB000A3FB18B184F85860BDE8F087E06D40F6E7
:101FC0000161884340F48070E0652068B84201D127
:101FD000414605E02249884201D1224900E00146FC
:101FE000814200D01DB9E06D20F48010E065E06D05
:101FF000C00404D5206E20F00600206600E02666AE
:10200000616D1948C862616D18480863616D1848B0
:10201000486321681C20086084F858602068416883
:1020200041F0100141602068C16841F00101C160C8
:1020300021684B4652464031606D00F0DDF8216862
:102040008A680C4B1A40121D8A60B5E70220B3E77C
:10205000000100500003005000070050000600502F
:102060000005005000040050FD0500087F06000830
:1020700065060008C0FFFF7FF0B4016C0C680168C2
:102080000D6890F8442002F01F06042202FA06F3BD
:10209000234211D06B070FD50B689B0603D40B6846
:1020A00023F004030B6090F8441001F01F018A40F4
:1020B000016C4A60016B1DE0022303FA06F7274218
:1020C0004FF0000C4FF0010218D0AF0716D50C6886
:1020D000A40605D40C6824F00A040C6080F82520BE
:1020E00090F8441001F01F018B40016C4B6080F8A8
:1020F00024C0C16A00291AD0F0BC08470823B340A5
:10210000234214D02B0712D50B6823F00E030B606B
:1021100090F84410036C01F01F0102FA01F15960BC
:10212000C26380F8252080F824C0416BE2E7F0BC50
:102130007047000070B504000CD02C4A21681420B0
:10214000914209D22A4A0A44B2FBF0F0800060644E
:1021500028480AE0012070BD244A52420A44B2FBDA
:10216000F0F080006064214808382064022084F880
:1021700025000A6847F6F0708243D4E90203184349
:10218000D4E904352B431843A3691843E369184382
:10219000236A1843104308602046FEF761FDA068DB
:1021A0000025B0F5804F00D165602079A16C00F06A
:1021B0007F000860D4E9130141606068401E032875
:1021C00008D82046FEF770FD606D0560D4E9160161
:1021D000416002E06565A565E565E563012084F879
:1021E000250084F82450002070BD0000080402403F
:1021F000F8FFFDBF0000024070B5044690F82400CF
:10220000002501280CD0012084F8240094F82560D2
:102210000020012E06D084F824000225284670BD37
:10222000022070BD022684F82560E06320680668FD
:1022300026F0010606602046FEF74AFD206B0028C6
:102240002068016802D041F00E0106E021F004018F
:1022500001602068016841F00A010160A06C01681A
:10226000C90303D5016841F480710160606D18B144
:10227000016841F4807101602068016841F001014A
:102280000160CBE770B5044600F032F90546601CEA
:1022900002D004484068044400F02AF9401BA042E0
:1022A000FAD370BD580100202DE9F04FDFF80C92F1
:1022B000002301260325A9F1040B85B00F2709F19E
:1022C000040AABF1040EF1E006FA03FC12EA0C0278
:1022D0007ED00C7904F00304012C01D0022C20D113
:1022E000846800945C0005FA04F80494009C24EAD5
:1022F00008040094D1F80C80049C08FA04F8009CAF
:1023000048EA0408C0F80880446824EA0C0491F8FC
:1023100004C0CCF3001C0CFA03FC4CEA040CC0F81B
:1023200004C00C79E443A40702D18C68012C0ED0C0
:10233000C4684FEA430805FA08FC24EA0C04D1F803
:1023400008C00CFA08FC4CEA040CC0F80CC00C796C
:1023500004F00304022C16D1DC0800EB840CCDF849
:1023600008C0DCF820C05C074FEAD46807FA08F41C
:102370002CEA040C0C6904FA08F444EA0C04DDF8B5
:1023800008C0CCF8204004684FEA430805FA08FC6E
:1023900024EA0C0491F804C00CF0030C0CFA08FCBD
:1023A0004CEA040CC0F800C04C6814F4403F7CD0E8
:1023B000434CD4F860C04CF0010CC4F860C0246EEB
:1023C00023F0030C04F0010400943E4C644400E04C
:1023D0006BE00294A4684FEA837C4FEA1C7807FA0A
:1023E00008FC24EA0C04B0F1904F06D0DFF8D8C006
:1023F000604505D14FF0010C20E04FF0000C1DE0CE
:10240000DFF8C8C0604502D14FF0020C16E0DFF8DB
:10241000C0C0604502D14FF0030C0FE0DFF8B4C03C
:10242000604502D14FF0040C08E0DFF8ACC0604515
:1024300002D14FF0050C01E04FF0060C0CFA08FC3D
:102440004CEA040C029CC4F808C0D9F80040CC4601
:10245000D1F8048094435FEAC82800D51443CCF82F
:102460000040DAF80040D446D1F8048094435FEA93
:10247000882800D51443CCF80040DBF80040DC4647
:10248000D1F8048094435FEA883800D51443CCF82F
:102490000040DEF80040F446D1F8048094435FEA3F
:1024A000C83800D51443CCF800405B1C0C682246A9
:1024B000DC407FF409AF05B0BDE8F08F08040140AF
:1024C00000100240000001400004004800080048DD
:1024D000000C004800100048001400480069084043
:1024E00000D0012070470AB1816170478162704756
:1024F00001488068704700005801002030B590F80E
:10250000DD30022B15D090F8DC30012B11D00123E7
:1025100080F8DC30022480F8DD400024202949D0F6
:102520000EDC042934D006DC012923D0022911D184
:1025300026E0022030BD082930D010290AD133E02E
:1025400040293DD0802943D0B1F5807F46D0B1F5F8
:10255000007F49D0072180F8DD1080F8DC4000BF03
:1025600090F8DD10072945D080F8DD3080F8DC4098
:10257000002030BD0168D1F8005462F3040504E086
:102580000168D1F8005462F38A15C1F80054E7E7F6
:102590000168D1F8005462F31035F6E70168D1F80C
:1025A000005462F39645F0E70168D1F8005462F3F5
:1025B0001C65EAE70168D1F8045462F3040504E0FD
:1025C0000168D1F8045462F38A15C1F80454C7E7CE
:1025D0000168D1F8045462F31035F6E70168D1F8C8
:1025E000045462F39645F0E70168D1F8045462F3AD
:1025F0001C65EAE7012030BDF0B590F8DD30022B14
:102600001AD090F8DC30012B16D0012680F8DC605F
:10261000022380F8DD300468D4F88053D4F8FC330A
:10262000002720296ED00EDC04293DD006DC0129CC
:1026300022D0022911D12AE00220F0BD082940D081
:1026400010290AD14AE040297ED0802977D0B1F5FF
:10265000807F75D0B1F5007F73D0072280F8DD2030
:1026600080F8DC7090F8DD20072A6BD01029016813
:1026700069D2C1F88053C9E025F4E02C156852688E
:1026800005F4E02545EA0C05C4F8BC23EAE725F487
:10269000601C15684FF4601E0EEAC505526845EAD5
:1026A0000C05C4F8C023DDE725F0E07C15684FF089
:1026B000E07E0EEA8515526845EA0C05C4F8C4238D
:1026C000D0E725F0606C15684FF0606E0EEA452586
:1026D000526845EA0C05C4F8C823C3E723F0070C89
:1026E0001368C3F3024343EA0C03D4F8F8C32CF095
:1026F0001F0CC4F8F8C30468D4F8F8C3127902F0C8
:102700001F0216E023F0700C13684FF0700E0EEAF3
:10271000133343EA0C03D4F8F8C32CF4787CC4F8E0
:10272000F8C30468D4F8F8C352684FF4787E0EEA10
:1027300042124CEA020CC4F8F8C393E704E01BE031
:1027400032E047E05EE05FE023F4E06C13684FF4B2
:10275000E06E0EEA132343EA0C03D4F8F8C32CF41A
:10276000F84CC4F8F8C30468D4F8F8C352684FF4BE
:10277000F84E0EEA8222DCE723F4E04C13684FF4B3
:10278000E04E0EEA131343EA0C03D4F8F8C32CF41A
:10279000F81CC4F8F8C30468D4F8F8C392884FF45E
:1027A000F81E0EEA0242C4E723F4E02C136803F497
:1027B000E02343EA0C03D4F8F8C32CF0787CC4F887
:1027C000F8C30468D4F8F8C392884FF0787E0EEA14
:1027D0004252AEE723F4E00C13684FF4E00E0EEA29
:1027E000031343EA0C03D4F8F8C32CF0F84CC4F8F4
:1027F000F8C30468D4F8F8C312794FF0F84E0EEA23
:10280000826296E70120F0BDC1F8FC3380F8DD60FC
:1028100080F8DC700020F0BD70477047704770474B
:102820007047704770477047704710B590F8DC20CC
:10283000012A21D0012280F8DC20022380F8DD303B
:102840004B1C1BD00368D3F8CC4344F00204C3F8FC
:10285000CC430368D3F8CC4324F00C040C43C3F8F6
:10286000CC430168D1F8CC3343F00103C1F8CC3339
:1028700080F8DD20002010BD022010BD0168D1F8D5
:10288000CC3323F00203C1F8CC33EAE770B590F8FB
:10289000DD30022B3CD090F8DC30012B38D0012504
:1028A00000F8DC5F022343701388948803F4E0533C
:1028B000C4F308041C4313896FF07E4603F40073CD
:1028C0002343148A04F480441C43938903F4004393
:1028D0002343948A06EA04441C43936903F000737B
:1028E0002343146AD26904F080441C4302F000427E
:1028F000224350F8DC3CB82404EBC1141959054EAE
:10290000314011431951457000210170084670BDD6
:10291000022070BD0020003C7047704770470822BD
:102920001146102005F0FCB8704770477047000052
:102930002DE9F04F90F8DD30022B26D090F8DC30F6
:10294000012B22D04FF0010B80F8DCB0022380F87D
:10295000DD300768D7F8D043D7F8D43315784FF473
:10296000007805F00106C5F340054FF4F04C4FF434
:1029700000494FF0000A08297ED009DC012935D032
:10298000022947D0042907D159E00220BDE8F08F81
:1029900010296FD020296ED0072180F8DD1080F833
:1029A000DCA000BF90F8DD1007297CD004F07F3157
:1029B000C7F8D013056848F2800123EA0102C5F880
:1029C000D4230268D2F8D05304F080342543C2F8EF
:1029D000D0530268D2F8D4430B401C43C2F8D4430E
:1029E00080F8DDB080F8DCA00020CFE7117924F07A
:1029F000FE0401F00201214341EA860423F4803100
:102A000041EA0543117A127B01F07801214302F07B
:102A1000800412E0516824F47E4408EA0121214335
:102A200041EA862423F4003141EA454391680CEAE7
:102A300001212143D46809EA04240C43B2E79188B8
:102A40004FF4003C24F47E040CEA0141214341EAA6
:102A5000864423F4802141EA854311894FF4F0052F
:102A600005EA0141214392894FF4000404EA02443B
:102A7000E3E701E01BE02EE011794FF0007C24F049
:102A80007E440CEA0161214341EA866423F400217B
:102A900041EAC543117A4FF0F04505EA016121434F
:102AA000127B2C0100E02BE004EA0264C5E71179F7
:102AB00023F0FE0301F00201194341EA860121F4EB
:102AC000801141EA0553117A127B01F07801194314
:102AD00002F0800312E0516823F47E4308EA0121EA
:102AE000194341EA862121F4001141EA45539168D6
:102AF0000CEA01211943D36809EA03230B4351E788
:102B0000012043E730B590F8DD30022B14D090F867
:102B1000DC30012B10D0012380F8DC30022480F857
:102B2000DD400024082941D008DC01291AD00229FF
:102B300023D0042906D12EE0022030BD102940D038
:102B4000202949D0072180F8DD1080F8DC4000BF43
:102B500090F8DD1007294DD080F8DD3080F8DC409A
:102B6000002030BD11685268890041EAC212016834
:102B7000D1F8085425F0BC0509E0116852688902B3
:102B800041EAC2320168D1F8085425F43C452A4391
:102B9000C1F80824DCE711889288890441EAC2520E
:102BA0000168D1F8085425F43C05F0E71178127952
:102BB000890641EAC2720168D1F8085425F03C4503
:102BC000E5E711685268890041EAC2120168D1F84C
:102BD0000C5425F0BC0509E011685268890241EAED
:102BE000C2320168D1F80C5425F43C452A43C1F89F
:102BF0000C24ADE7012030BD10B5CB0706D003682B
:102C0000D3F8D04362F30004C3F8D0438B0706D552
:102C10000368D3F8D04362F30824C3F8D0434B07CA
:102C200006D50368D3F8D04362F31044C3F8D04309
:102C30000B0706D50368D3F8D04362F31864C3F8D2
:102C4000D043CB0606D50368D3F8D44362F300041F
:102C5000C3F8D443890606D50068D0F8D41362F3CC
:102C60000821C0F8D41310BD10B590F8DD20022A59
:102C700018D090F8DC20012A14D0012200F8DC2FB3
:102C80000223437050F8DC3CD3F8D44301F0407188
:102C900024F040740C43C3F8D44342700021017007
:102CA000084610BD022010BDFF2903D0062903D01D
:102CB00001F022BC01F09CBA01F037BB38B504002A
:102CC00056D0022084F8DD000025C4F8E050C4F896
:102CD000E450C4F8E850C4F8EC50C4F8F050C4F81C
:102CE000F450C4F8F850207AC0071BD0214920685E
:102CF000884208D12048016E41F080610166006E73
:102D000000F0806000902168086820F44042208A2A
:102D100000F44040104320F44052A08A00F4405098
:102D200010430860204600F029F8207A800708D573
:102D30002168086820F44072A08900F440701043B4
:102D40000860012084F8DD0084F8DC505FF00001A9
:102D5000C1EBC10004EB8000491C8561C5610562BF
:102D600045628562C9B205630629F1D9002038BDE4
:102D7000012038BD006801400010024010B586B047
:102D8000044614216846FDF7A5FB174920688842D0
:102D900027D11648016E41F080610166016E01F095
:102DA00080610591C16C41F00201C164C06C69464B
:102DB00000F0020005904FF4806000900220019026
:102DC00001200290002003900D2004900848FFF796
:102DD0006BFA00221146492000F006FB492000F062
:102DE000F5FA06B010BD0000006801400010024076
:102DF00000040048F0B587B0044614216846FDF78A
:102E000069FB2149206888423BD12048C16C41F0D0
:102E10000201C164C16C01F002010591C16C41F075
:102E20000401C164C16C01F004010591C16C41F061
:102E30000101C164C06C022500F0010005904FF44F
:102E4000704000268DE8610003240D27CDE903477B
:102E500069460F48FFF728FA2002CDE90005CDE9C1
:102E60000264694604940B48FFF71EFA4FF4706041
:102E70008DE86100CDE9034769464FF09040FFF7C8
:102E800013FA07B0F0BD00000068014000100240D6
:102E900000040048000800487047704770477047BA
:102EA00070B50D460446FFF723FB064607E0681C95
:102EB00005D0FFF71DFB801BA8420DD865B1206827
:102EC000D0F88803C043C003F1D4012084F8DD00AA
:102ED000002084F8DC0070BD072084F8DD000320AA
:102EE00070BD7047704770B590F8DD30022B1DD073
:102EF00090F8DC30012B19D0012380F8DC3002245B
:102F000080F8DD40EC25046805EBC1156159CE065B
:102F100005D54FF6C076B14332400A43625180F87E
:102F2000DD30002180F8DC10084670BD022070BD45
:102F30007047704770B590F8DD30022B23D0022324
:102F400080F8DD30062920D08023046803EBC1150A
:102F5000635923F007069368334323F01806D368B8
:102F6000334363519425046805EBC115136863511D
:102F70009824036804EBC11152685A50012180F86B
:102F8000DD10002070BD022070BD0368196821F0BB
:102F900007049168214321F01804D1682143196086
:102FA000036811685961516802689161E6E72DE98B
:102FB000F04F90F8DD40022C25D090F8DC40012C39
:102FC00021D04FF0010980F8DC90022480F8DD4028
:102FD00000274FF0070C062918D09C2404EBC116DB
:102FE000012A39D08024A8254FF4005A4FF4405BC1
:102FF00005EBC11504EBC114022A2FD0042A45D0D9
:10300000082A0BD144E00220BDE8F08F012A0AD043
:10301000022A0CD0042A0ED0082A10D080F8DDC075
:1030200080F8DC700EE002681968D1610AE002687D
:103030001968516206E002681968916202E002684C
:103040001968D16290F8DD10072948D080F8DD902A
:1030500080F8DC700020D7E7196835E04FF0A4084D
:10306000D0F800C008EBC1111A684CF8012059686B
:10307000002901680A5922F440522ED00A510168F1
:103080000A59D3F804C042EA0C0218E0196821E09A
:103090004FF0AC08D0F800C008EBC1111A684CF82A
:1030A00001205968002901680A5922F4404214D0CD
:1030B0000A5101680A59D3F804C042EA8C020A5145
:1030C0005968514503D1996802689151BAE7594549
:1030D000B8D1996802685151B4E70A51B2E70120AA
:1030E00092E710B590F8DC20012A0ED0012200F8FA
:1030F000DC2F0223437050F8DC3C1C680C431C603E
:10310000427000210170084610BD022010BD70B54C
:10311000044690F8DD00022811D094F8DC00012864
:103120000ED0012584F8DC50022084F8DD00204612
:1031300001F073F984F8DD50002084F8DC0070BDE4
:10314000022070BD10B590F8DC20012A10D00122B9
:1031500000F8DC2F0223437050F8DC3CD3F8944392
:103160000C43C3F89443427000210170084610BD1F
:10317000022010BD10B590F8DC20012A10D00122E9
:1031800000F8DC2F0223437050F8DC3CD3F898435E
:103190000C43C3F89843427000210170084610BDEB
:1031A000022010BD2DE9F041044690F8DD001546DF
:1031B0000E46022826D094F8DC00012821D00127F1
:1031C00084F8DC70022084F8DD00062E1CD0204636
:1031D00001F046FAC6EBC60004EB800029680162E4
:1031E00069684162A9688162E968C162296901630D
:1031F0003146204600F0C8FF062E15D0E86A40B1DF
:1032000012E00220BDE8F0811146204601F044F8AA
:10321000E0E78021206801EBC6114258EB6D22F4F3
:10322000007242EA4322425084F8DD70002084F8A4
:10323000DC00E7E770B590F8DD30022B23D090F882
:10324000DC30012B1FD0012380F8DC30022480F811
:10325000DD40EC25046805EBC1156159166821F0C5
:10326000100141EA061121F480165168314321F41E
:103270008036D168314321F4003691683143966934
:10328000012E02D00BE0022070BD21F0040611696E
:10329000314321F002065169314341F0010161518E
:1032A00080F8DD30002180F8DC10084670BD000099
:1032B00070B5040013D021684CF6CC40086021683A
:1032C00045F255500860D4E9000141602168A068CA
:1032D0008860FFF70DF9054641F601060DE0012073
:1032E00070BD00BFFFF704F9401BB04205D920684C
:1032F000C068400701D0032070BD2068C068400747
:10330000F0D120680269E1688A4201D0016102E0DF
:103310004AF6AA210160002070BD00684AF6AA2181
:103320000160002070470000024881684268114433
:10333000816070475801002010B50024032000F080
:1033400073F80F2000F008F808B1012401E000F044
:1033500025F8204610BD000070B50E4E054600242D
:10336000706898B14FF47A71B1FBF0F00A490968BE
:10337000B1FBF0F000F0B4FD40B9102D06D20022F0
:103380002946501E00F030F8356000E00124204648
:1033900070BD000058010020640100200A4882B07E
:1033A000016E41F001010166016E01F00101009121
:1033B000816D41F080518165806D00F080500090FA
:1033C00002B000F0A1B8000000100240002809DBA4
:1033D00000F01F02012191404009800000F1E0202F
:1033E000C0F8001170470000F0B40E4B1B680C468B
:1033F000C3F30223C3F10705042D00D90425191DC9
:10340000072901D2002300E0DB1E012606FA05F1A0
:10341000491E214099409E40761E16403143F0BC23
:1034200006F037B80CED00E0064900F00702086826
:103430004FF6FF03184040EA0220034A1043086099
:10344000704700000CED00E00000FA052B492C4B02
:103450000A6832214A432B4940B1B0F5007F086821
:1034600029D020F4C06040F480602CE00868C0F3EC
:103470004120022804D051F8800F20F4807022E00F
:10348000D1F8800020F48070C1F88000086820F432
:10349000C06040F400700860B2FBF3F0401C00E034
:1034A000401E4A69520501D50028F9D148694005F6
:1034B0000AD503207047C0F34120022806D051F8F6
:1034C000800F40F48070086000207047D1F88000C1
:1034D00040F48070C1F88000086820F4C06040F4B7
:1034E00000700860B2FBF3F0401C00E0401E4A6927
:1034F0005205DBD50028F9D1D8E70000640100208F
:1035000040420F00007000400248816841F4804151
:1035100081607047007000402DE9F8430446006860
:103520000026BB4D00035ED5A86D0027C00008D45F
:10353000A86D40F08050A865A86D012700F080506C
:103540000090DFF8D092D9F8001041F48071C9F8EA
:103550000010FEF7CDFF804606E000BFFEF7C8FF73
:10356000A0EB080002282BD8D9F80000C005F5D53B
:10357000D5F8900010F4407014D0216D814211D024
:10358000D5F89000D5F8901020F4407041F48031C7
:10359000C5F89010D5F8901021F48031C5F890103E
:1035A000C5F89000C00711D0FEF7A2FF804641F297
:1035B000883907E0FEF79CFFA0EB0801494501D9D7
:1035C00003260BE0D5F890008007F3D5D5F89000DE
:1035D000216D20F440700843C5F890001FB1A86D1C
:1035E00020F08050A8652078C00707D0D5F8880063
:1035F000616820F003000843C5F888002078800740
:1036000007D5D5F88800A16820F00C000843C5F85C
:1036100088002078400707D5D5F88800E16820F0B9
:1036200030000843C5F888002078000707D5D5F892
:103630008800216920F0C0000843C5F88800207880
:10364000C00607D5D5F88800616920F440700843AA
:10365000C5F888002078800607D5D5F88800A169CC
:1036600020F440600843C5F888002078400607D55C
:10367000D5F88800E16920F440500843C5F8880077
:103680002078000607D5D5F88800216A20F440404C
:103690000843C5F888002088C00507D5D5F88800FC
:1036A000616A20F440300843C5F888002068800330
:1036B00007D5D5F89C00A16A20F003000843C5F89F
:1036C0009C002088800507D5D5F88800E16A20F4A1
:1036D00040200843C5F88800208840050FD5D5F85C
:1036E0008800216B20F440100843C5F88800206B47
:1036F000B0F5801F03D1E86840F48010E8602088AE
:1037000000050FD5D5F88800616B20F44000084310
:10371000C5F88800606BB0F5800F03D1E86840F40D
:103720008010E8602088C0040FD5D5F88800A16B10
:1037300020F040700843C5F88800A06BB0F1807F8E
:1037400003D1E86840F48010E86020884FF0006101
:1037500080040ED5D5F88800E26B20F0406010435D
:10376000C5F88800E06B884203D1E86840F4801017
:10377000E860208840040ED5D5F88800226C20F03F
:1037800040601043C5F88800206C884203D1E86887
:1037900040F48010E860208800040FD5D5F8880038
:1037A000616C20F040500843C5F88800606CB0F1AF
:1037B000805F03D1E86840F48030E8602068C0038F
:1037C0000FD5D5F88800A16C20F040400843C5F81B
:1037D0008800A06CB0F1804F03D1E86840F48030DD
:1037E000E860206840030FD5D5F89C00E16C20F418
:1037F00040100843C5F89C00E06CB0F5001F03D1F1
:10380000E86840F48010E8603046BDE8F8830000C6
:10381000001002400070004008214FF48072202008
:1038200004F07EB92DE9F0470E4605004FF0000781
:1038300025D0DFF8AC81D8F8000000F00F00B042CE
:103840000CD2D8F8001021F00F013143C8F8001055
:10385000D8F8000000F00F00B04210D12968614C88
:10386000C80741F2883A5AD06868DFF87C9103288B
:1038700008D0022820682DD0400500282CDB01202C
:10388000BDE8F08720688001F9D5E06800F0030208
:10389000E068C0F30310401C032A19D0534A00BF4C
:1038A000B2FBF0F0E268C2F306225043E268C2F3D2
:1038B0004162521C5200B0FBF2F0484517D9A06893
:1038C00010F0F00F0CD0880711D5A86840B10EE0B9
:1038D000474AE5E78003D0E700F0BEF8484506D93F
:1038E000A06820F0F00040F08000A0608027A06871
:1038F000696820F003000843A060FEF7F9FD8146E7
:1039000006E000BFFEF7F4FDA0EB090151453AD8EF
:10391000A068696800F00C00B0EB810FF2D1286854
:10392000810714D5400703D5A06840F4E060A0608B
:103930002878000705D5A06820F4605040F4E060C6
:10394000A060A068A96820F0F000084304E0802F80
:1039500003D1A06820F0F000A060D8F80010404625
:1039600001F00F01B14216D9016821F00F01314376
:103970000160FEF7BDFD074607E000BFFEF7B8FD9A
:10398000C11B514501D903207AE7D8F8000000F0A7
:103990000F00B042F2D12878400705D5A068E96849
:1039A00020F4E0600843A0602878000706D5A068EE
:1039B000296920F4605040EAC100A06000F04CF892
:1039C000A1680C4AC1F30311515C01F01F01C8400A
:1039D0000949086009480068BDE8F047FFF7BCBC2A
:1039E000002002400010024000B4C4040024F4008F
:1039F00000127A0048A40008640100205801002049
:103A00000248016841F40021016070470010024043
:103A10000548064900688968054AC1F30221515CDE
:103A200001F01F01C84070476401002000100240EF
:103A300058A400080548064900688968054AC1F38A
:103A4000C221515C01F01F01C84070476401002091
:103A50000010024058A40008184910B58868C0F347
:103A600081021748012A0BD08A684310C2F38102F1
:103A7000022A06D08A68C2F38102032A03D00020FA
:103A800010BD184610BDCA6802F00304CA68C2F32C
:103A90000312521C032C02D0B0FBF2F001E0B3FB86
:103AA000F2F0CA68C968C2F306225043C1F341610B
:103AB000491C4900B0FBF1F010BD000000100240AD
:103AC0000024F40010B5044CE069C00503D5FFF7ED
:103AD000A3FEA015206210BD001002402DE9F8439E
:103AE00004007AD02078F84DC00747D0A868E9686C
:103AF00000F00C0001F003010C2802D0082817D0B8
:103B000001E0032914D06068B0F5803F17D0B0F50C
:103B1000A02F286817D020F480302860286820F46F
:103B2000802028606068E0B1FEF7E2FC064614E001
:103B30002868800322D560680028D2D01EE028685B
:103B400040F48030EDE740F480202860F7E700BFC4
:103B5000FEF7CEFC801B642870D828688003F7D558
:103B60000CE0FEF7C5FC064605E000BFFEF7C0FC12
:103B7000801B6428F0D828688003F7D42078800759
:103B80004CD5A868E96800F00C0001F003010C288E
:103B900002D004280DD001E002290AD0E0680028F4
:103BA00028682BD040F480702860FEF7A1FC064600
:103BB00019E02868400502D5E068002891D06868BF
:103BC000217C20F0FE4040EA01606860BF48006848
:103BD000FFF7C2FB002800D120E072E1FEF788FC6D
:103BE000801B0228B8D828684005F7D56868217C72
:103BF00020F0FE4040EA016068600FE020F4807031
:103C00002860FEF775FC064605E000BFFEF770FC75
:103C1000801B0228A0D828684005F7D42078000728
:103C200029D560690028D5F8940013D040F0010030
:103C3000C5F89400FEF75CFC064606E090E000BF85
:103C4000FEF756FC801B022886D8D5F89400800722
:103C5000F6D510E020F00100C5F89400FEF748FC0E
:103C6000064604E0FEF744FC801B022878D8D5F80D
:103C700094008007F6D42078400761D5A86D00260F
:103C8000C00008D4A86D40F08050A865A86D01263A
:103C900000F0805000908E480168C90511D4016879
:103CA000804641F480710160FEF722FC074604E083
:103CB000FEF71EFCC01B022852D8D8F80000C00531
:103CC000F6D5A068012815D00528D5F8900016D0A3
:103CD00020F00100C5F89000D5F8900020F0040015
:103CE000C5F89000A06841F28838B8B1FEF700FC32
:103CF00007460EE0D5F8900040F00100F0E740F0F4
:103D00000400C5F89000F5E7FEF7F2FBC11B414542
:103D100026D8D5F890008007F6D50CE0FEF7E8FB32
:103D2000074604E0FEF7E4FBC11B414518D8D5F86F
:103D300090008007F6D41EB1A86D20F08050A865D1
:103D40002078800629D5A0690028D5F8980013D0DE
:103D500040F00100C5F89800FEF7CAFB064606E0F1
:103D600075E000BFFEF7C4FB801B02286FD8D5F8B2
:103D700098008007F6D510E020F00100C5F8980003
:103D8000FEF7B6FB064604E0FEF7B2FB801B0228F6
:103D90005DD8D5F898008007F6D4E069F0B3A9683B
:103DA000C1F3810103295DD00228286820F08070CA
:103DB000286003D0FEF79CFB04464BE0FEF798FB1F
:103DC000064604E0FEF794FB801B02283FD82868D3
:103DD0008001F7D4F4E908016FF00F0202EB011142
:103DE0000843218A5204490802EB4151A26841EA82
:103DF00002210843217D4FF07E42490802EB4161D8
:103E00000843217B40EAC160E968324A1140084317
:103E1000E860286840F08070286000E05EE0E868B4
:103E200040F08070E860FEF763FB044605E000BFE9
:103E3000FEF75EFB001B022809D828688001F7D531
:103E40004CE000BFFEF754FB001B022802D9032000
:103E5000BDE8F88328688001F4D4E8681E4908406A
:103E6000E8603BE00128F3D0E868226A00F0030133
:103E7000914226D1616A00F0F002090110399142A5
:103E80001FD1A26A00F4FE41B1EB022F19D194F8C0
:103E90002C2000F07841B1EBC26F12D1218E00F4DA
:103EA000C00249084905A1F50011914209D194F8D1
:103EB000341000F0C06049084906A1F10071814248
:103EC0000CD00120C4E7000000100240580100207F
:103ED000007000400C809F01FCFFEEFE0020B7E761
:103EE00010B5401EB0F1807F01D3012010BD4FF00E
:103EF000E02460610F21601705F0CBFA0020A0617B
:103F000007202061002010BD90F88410012918D0EE
:103F1000012180F884102421C0F8881001680A6803
:103F20000B6823F001030B6022F00051002242666F
:103F3000036819602021C0F8881080F8842010469A
:103F400070470220704770B5044690F8840001283D
:103F50001DD0012084F884002420C4F88800206843
:103F60000568026822F0010202602068826822F07F
:103F700060620A438260204604F0B6FF2068056054
:103F80002020C4F88800002084F8840070BD02203E
:103F900070BD70B5044690F8840001281DD0012042
:103FA00084F884002420C4F888002068056802682A
:103FB00022F0010202602068826822F060420A4317
:103FC0008260204604F090FF206805602020C4F83D
:103FD0008800002084F8840070BD022070BD10B5F8
:103FE000040003D0D4F8880010B107E0012010BD10
:103FF000002084F88400204600F026F82420C4F82D
:1040000088002068016821F001010160A06A10B1F8
:10401000204604F08BFF204605F06CF80128E6D01E
:104020002068416821F4904141602068816821F056
:104030002A0181602068016841F001010160204689
:10404000BDE8104004F0D6BF30B59BB00446142143
:1040500015A8FCF73FFA54216846FCF73BFA1649CD
:104060002068884225D102250024684600950294E4
:10407000FFF752FA08B1FCF74BFE1048816D41F48E
:1040800000318165816D01F400311A91C16C41F0FC
:104090000801C164C06CCDE9165400F008001A9004
:1040A000602015900720CDE9184015A90448FEF7B7
:1040B000FBF81BB030BD000000440040001002407F
:1040C000000C00482DE9F84F0446D0F888009846C7
:1040D00015460E46202802D00220BDE8F88F96B380
:1040E0008DB30020C4F890004FF02109C4F88890E7
:1040F0001834FEF7FDF9A5878246E58754F8100CC1
:10410000183CB0F5805F01D1206910B1354600261A
:1041100000E000255FF02007B4F8560053464FF04A
:104120000002CDF80080D8B18021204605F02EF99C
:10413000D8B955B115F8010B21688862D4F88810F8
:1041400039EA010006D00120C7E736F8020BC0F3B8
:104150000800F1E7B4F85600401EA4F85600DBE76B
:104160004021204605F012F918B1C4F888700320E8
:10417000B3E7C4F888700020AFE70000FF210148D2
:10418000FEF792BD84050020072912D2DFE801F076
:104190000A12181E242A04000068D0F8841341F083
:1041A000010104E00068D0F8841341F00201C0F876
:1041B000841370470068D0F8841341F00401F6E7D7
:1041C0000068D0F8841341F00801F0E70068D0F8E7
:1041D000841341F01001EAE70068D0F8841341F03D
:1041E0002001E4E70068D0F8841341F04001DEE7E5
:1041F00070B506460068D0F88853D0F89043E907B8
:1042000007D0E10705D00121C0F88C133046FEF736
:1042100084FBA80708D5A00706D531680220C1F89D
:104220008C033046FEF77AFB680708D5600706D591
:1042300031680420C1F88C033046FEF770FB280774
:1042400008D5200706D531680820C1F88C03304610
:10425000FEF76AFBE80608D5E00606D531681020AF
:10426000C1F88C033046FEF760FB680608D560068F
:1042700006D531684020C1F88C033046FEF756FB66
:10428000A80608D5A00606D531682020C1F88C0301
:104290003046FEF74EFE70BD70B503681A68D3F85D
:1042A000A0534C6922F020022646144324F0C00299
:1042B000202E2BD08C69022C28D0032C2BD0042C40
:1042C0002ED022F0E00200BF22F40064CA6922432B
:1042D00022F480640A6A224322F0C0644A6A2243BC
:1042E00022F000648A6A2243CC6A22F0404242EA09
:1042F000840222F000544A6B096B224325F4803477
:1043000021431A600068C0F8A01370BD22F0C002FB
:1043100042F02002D8E722F0800242F04002D3E7C8
:1043200022F0400242F08002CEE72DE9F047044639
:104330000068D0F88883D0F890734668C5685FEA53
:10434000C8314FF001090DD5F9030BD54FF4803179
:10435000C0F88C1384F8DD90002084F8DC0020463F
:10436000FEF762FA5FEA883009D5B80307D52168FD
:104370004FF40030C1F88C032046FEF74DFAF007E9
:1043800008D0E80706D02168C1F808900621204629
:10439000FEF745FAB00708D5A80706D52168022020
:1043A000886006212046FEF73BFA700708D56807AB
:1043B00006D521680420886006212046FEF731FAE0
:1043C000300708D5280706D521680820886006210F
:1043D0002046FEF727FAF00608D5E80606D521683C
:1043E0001020886006212046FEF77CFDB00607D528
:1043F000A80605D52168202088602046FEF798FD94
:10440000700608D5680606D5216840208860062118
:104410002046FEF766FDBDE8F087F0B50024E426EF
:10442000056806EBC11755F807C0B82606EBC1169C
:10443000AE59402A20D00EDC082A2CD006DC012AF6
:104440001AD0022A27D0042A31D115E0102A13D01D
:10445000202A2CD11FE0B2F5007F1CD005DC802A79
:1044600019D0B2F5807F22D106E0B2F5806F03D07B
:10447000B2F5006F1BD10EE04FF0BC0E0EEBC11E6B
:104480005A6845F80E204FF0C00E05680EEBC111BA
:104490009A686A500BE0C42404EBC1145A682A518C
:1044A000C825046805EBC1119A6862501024FE21EA
:1044B000A1401A682CEA010CA240D96842EA0C0219
:1044C000A14011431A69D3F814C01546A2400A430B
:1044D0000CFA04FC99694CEA020CA14041EA0C0177
:1044E000082D06D1B20504D4B20102D4DA69A24083
:1044F00011430068C151F0BD2DE9F04107468846DF
:104500000068842202EBC81146588C2202EBC811C5
:1045100045584FF08802F30702EBC81407D0E907AB
:1045200005D00121015141463846FEF778F9B00720
:1045300008D5A80706D539680220085141463846F3
:10454000FEF76EF9700708D5680706D539680420AC
:10455000085141463846FEF764F9300708D5280768
:1045600006D539680820085141463846FEF75AF901
:10457000F00608D5E80606D53968102008514146EE
:104580003846FEF7AFFC700608D5680606D53968D0
:104590004020085141463846FEF7A3FC300608D5B6
:1045A000280606D539688020085141463846FEF76E
:1045B00034F9F00509D5E80507D539684FF480705E
:1045C000085141463846FEF729F9B00509D5A80536
:1045D00007D539684FF40070085141463846FEF758
:1045E0005CFC700509D5680507D539684FF4806013
:1045F000085141463846FEF74FFC300509D52805DD
:1046000007D539684FF40060085141463846FEF737
:1046100046FCF00409D5E80407D539684FF480500A
:10462000085141463846FEF739FCB00409D5A804C4
:1046300007D539684FF40050085141463846FEF717
:10464000F2F8700409D5680407D539684FF4804042
:10465000085141463846FEF75FF9BDE8F081000099
:104660002DE9F04F8024036804EBC1169C5924F017
:1046700070449C5103689A469D59E82404EBC11488
:10468000A64653F80490E42404EBC114A3461C5935
:10469000D3F8A033576925F020053D43202F24D0BF
:1046A0009769022F21D0032F24D0042F27D025F47F
:1046B000D07500BF25F40067D5693D4325F48067B8
:1046C000156A3D4325F0C067556A3D4325F00067F4
:1046D000956A3D4325F07047D56A3D43576B25F4F5
:1046E0000035B7F1005F0FD010E025F4C07545F03C
:1046F0002005DFE725F4807545F08005DAE725F031
:10470000800545F48075D5E745F4003525F0400770
:10471000956BD2F850802F4327F4802C976D47EA91
:104720000C07DFF8D0C007EA0C0748EA070892F840
:104730003C7029F03F0C07F03F0747EA0C0727F0D1
:10474000004C176C47EA0C0725B924F4807C546CA4
:1047500044EA0C04D2F848C0BCF5606F02D0BCF546
:10476000F05F01D1402D03D124F4F0544CEA04044D
:1047700024F48045D46C2C43556D062927D2DFE8FC
:1047800001F003090F151B21126B23F4003343EAD8
:1047900042031CE0126B23F4802343EA820316E0F9
:1047A000126B23F4002343EAC20310E0126B23F4DC
:1047B000801343EA02130AE0126B23F4001343EA66
:1047C000421304E0126B23F4800343EA82134AF895
:1047D0000680066846F80E70066846F80B40D4243A
:1047E000026804EBC11155500068C0F8A033BDE861
:1047F000F08F0000FFFF06FE4FF48061082003F0F9
:10480000F9F9FEE7064807490068884201D101210D
:1048100000E0002104480170002141707047000051
:10482000840500200068014018000020074810B5EA
:1048300000680749884204D14FF47C710348FEF7B1
:1048400099FC04490020487010BD00008405002038
:104850000068014018000020F7EE000A30EEC00AA0
:10486000DFED060A20EE200AF6EE000A30EE200AFE
:10487000BCEEC00A10EE100A80B2704700D00447A8
:1048800003490020487003494FF47C70086070476A
:1048900018000020986B0140B4EE400AF1EE10FAC7
:1048A0000BD110EE100AB0F1FF4F06DA10EE100A2D
:1048B00010F5000F01D20120704700207047000062
:1048C00001484078704700001800002030B50F4BB9
:1048D0000F4C1B68A3420FD140F2A464A0420BD33B
:1048E00047F62C65A84207D8A14205D3A94203D8B0
:1048F000A24201D3AA4201D9012030BDC3F89C01D4
:10490000C3F81C12C3F89C22002030BD840500208F
:104910000068014070B52DED048BB0EE418AF0EED9
:10492000608AB0EE409AFFF7B7FF18B3B0EE680A9E
:10493000FFF7B2FFF0B1B0EE480AFFF7ADFFC8B124
:1049400019EE101A1848814214DB19EE102A174983
:104950008A420FDC18EE902A82420BDB18EE902A76
:104960008A4207DC18EE102A824203DB18EE100A96
:10497000884203DDBDEC048B012070BDB0EE480A17
:10498000FFF76AFF0546B0EE680AFFF765FF0446C9
:10499000B0EE490AFFF760FFBDEC048B2A462146C2
:1049A000BDE87040FFF792BFCDCC4C3D3333733F31
:1049B0002DE9F04387B00F46DDE90E5481461E46CF
:1049C00090461C216846FBF785FDB9F1000F04D025
:1049D000A54202D2B4F5805F03D3012007B0BDE841
:1049E000F0830097CDE9018601208DF80C000020AE
:1049F0000494CDE9055069464846FCF79FFAEDE777
:104A00002DE9F74F82B0924602988B46F0B3BBF186
:104A1000000F47D0BAF1000F44D02848017801298F
:104A20000ED002290CD0448F858F254B4FF44002C5
:104A30002449CDE900450298FFF7BAFF30BB03E0F7
:104A4000002005B0BDE8F08FDFF880904FF0E078EF
:104A50001D4B42464946CDE900450298FFF7A8FFA5
:104A6000A0B9174B4FF4400216495846CDE900450E
:104A7000FFF79EFF50B9164B464642464F46494601
:104A80005846CDE90045FFF793FF00E00AE048B93A
:104A9000104B4FF440020B495046CDE90045FFF75B
:104AA00087FF08B10120CCE70B4B32463946504610
:104AB000CDE90045FFF77CFFC3E700004407002075
:104AC000001060320000C07D8000501DFFFF170005
:104AD00002003004002090360008302E10B5018806
:104AE0005C4B00EE101AA3F19C021988F8EE400A04
:104AF00000EE101A92F92C10B8EE400A30EEC00AFF
:104B0000D2ED050A60EE200A00EE101A02F1400113
:104B1000B8EEC00A20EE800A81ED030A448800EE58
:104B2000104A5C88F8EE400A00EE104A92F92D40D7
:104B3000B8EE400A30EEC00AD2ED060A60EE200A56
:104B400000EE104AB8EEC00A20EE800A81ED040A99
:104B5000848800EE104A9C88F8EE400A00EE104A65
:104B600092F92E40B8EE400A30EEC00AD2ED070AA4
:104B700060EE200A00EE104AB8EEC00A20EE800A6D
:104B800081ED050AC48800EE104ADC88F8EE400A80
:104B900000EE104A92F92F40B8EE400A30EEC00AFB
:104BA000D2ED080A60EE200A00EE104AB8EEC00A04
:104BB00020EE800A81ED060A048900EE104A1C8965
:104BC000F8EE400A00EE104A92F93040B8EE400A82
:104BD00030EEC00AD2ED090A60EE200A00EE104A5B
:104BE000B8EEC00A20EE800A81ED070A408900EE87
:104BF000100A5889F8EE400A00EE100A92F93100C6
:104C0000B8EE400A30EEC00AD2ED0A0A60EE200A81
:104C100000EE100AB8EEC00A20EE800A81ED080A04
:104C200091ED030AD1ED040A30EE200AD1ED050A18
:104C300030EE200A81ED090A91ED060AD1ED070A4E
:104C400030EE200AD1ED080A30EE200A81ED0A0A82
:104C500010BD0000E00700200148C06B7047000055
:104C600084070020002843D0EFF3108272B6214958
:104C70000B8803804B8843808B888380CB88C380DC
:104C80000B8903814B89438191ED030A80ED030A6F
:104C900091ED040A80ED040A91ED050A80ED050A04
:104CA00091ED060A80ED060A91ED070A80ED070AEC
:104CB00091ED080A80ED080A91ED090A80ED090AD4
:104CC00091ED0A0A80ED0A0ACB6AC3620B6B03639B
:104CD0004B6B43638B6B8363CB6BC36391F8403047
:104CE00080F8403091F8411080F8411082F310882C
:104CF00070470000840700202DE9F0475E4E4FF01A
:104D00000005040035704CD02078032849D860880D
:104D1000F0B3A088E0B3E088D0B394F8320006285E
:104D20003FD294F8380098B3618FA08F814238D277
:104D30004FF48051884234D294F83E0040B30027AB
:104D40004FEA010804EB47000089404529D204EBF3
:104D5000870999ED050A00F093F8C8B199ED050AA5
:104D6000B5EEC00AF1EE10FA1BD9E01990F92C004B
:104D7000012801D0401C14D17F1CFFB2062FE1D3C3
:104D80002078022810D194ED0D0A00F079F800E0A7
:104D900007E030B194ED0D0AB5EEC00AF1EE10FA5D
:104DA00002D10020BDE8F087402221463348FBF7BE
:104DB0005FFB3148001D05804580001D0580458052
:104DC000001D058045802D4844214030FBF782FBC3
:104DD0002A4820212038FBF77DFB28481821843001
:104DE000FBF778FB25486030C56305644564B56210
:104DF000B58535617561B561F56135621F497562CB
:104E00007580203994F83200887694ED0D0A0020E0
:104E100081ED050A04EB4002128921F81020401CA4
:104E2000C0B20628F6D3154D20784035012205F191
:104E30005C03022802D0032811D00DE05FF00000CF
:104E400004EB4001098923F81010401CC0B2062869
:104E5000F6D300BF85F8402032700120A2E7002081
:104E600004EB40073F8923F81070401CC0B20628AD
:104E7000F6D3CA760A77EDE71C000020440700202D
:104E800010EE100AC0F3C750FF2801D00120704770
:104E90000020704700280BD0EFF3108172B6054A4E
:104EA000D36B0343D363002082F8410081F3108861
:104EB000704700008407002002490A69521C0A61F9
:104EC00000F090B81C00002002494A69521C4A6157
:104ED00000F088B81C00002002498A69521C8A61CF
:104EE00000F080B81C00002070B51F49A1F120041B
:104EF00091F83220E37E002B34D101F1840330F8A5
:104F0000120053F82250054443F82250174B58889A
:104F1000401C80B2588020838B88834222D8B5FB06
:104F2000F3F0A081A08901F19C0333F81220801ACC
:104F300001D5424200E002460125E576CB88934246
:104F400010DC00EE100AD1ED0D0AB8EEC00A80EEBA
:104F5000801A84ED041A94ED040AFFF791FF0028EB
:104F600000D0257770BD0000440700201C00002001
:104F700070B51A4C94F8401000292ED104F1440267
:104F800030F8115052F821302B4442F82130491C9E
:104F9000C9B20629F4D312494888401C80B248801F
:104FA0000E496039088301F120035D88854214D8D9
:104FB000002001F1BC0600BF52F82030B3FBF5F32E
:104FC00026F8103021F81030401CC0B20628F3D368
:104FD0000120C876087784F8400070BD840700205F
:104FE0001C0000202DE9FE4FDFF81CC20446DCF84F
:104FF0001020DCF81410DCF818009CF800300026B3
:10500000DBB16546DCF81C70D5E90835DFF8FC91AA
:10501000B346BA4203D0994201D0A84210D1D41B62
:1050200099F83820944205D8C91A914202D8401BF9
:10503000904202D90120FFF72DFF0020BDE8FE8F2E
:10504000714B1B1D1D88ADF800501D1D2F88ADF83C
:1050500002702F1DB7F80080ADF804805B88ADF8B2
:1050600006306B88ADF808307B88ADF80A30CCF894
:105070001C20CCE90810DFF89481BDF8005008F13D
:1050800040084346A8F80050BDF80250A8F8025066
:10509000BDF80450A8F80450BDF80650A8F8065012
:1050A000BDF80850A8F80850BDF80A50A8F80A50F2
:1050B000C8F82C20C8F83010C8F83400D8F83800E8
:1050C000401C986300254FF4805A6F4637F815004E
:1050D000504502D30420FFF7DDFE6D1CEDB2062D16
:1050E000F4D399F800004D46F0B3032859D00128B5
:1050F00073D06846FFF7F8FE98F84000454610B1B7
:105100006846FFF7EBFC95F8400008B1E86B60B328
:105110005FF0000085F8410044B32888208068884B
:105120006080A888A080E888E0802889208168893C
:10513000608195ED030A84ED030A95ED040A84ED80
:10514000040A95ED050A84ED050A95ED060A84ED3D
:10515000060A95ED070A84ED070A95ED080A84ED25
:10516000080A95ED090A02E01BE04AE017E084ED29
:10517000090A95ED0A0A84ED0A0AE86AE062286BDA
:105180002063686B6063A86BA063E86BE06395F8CD
:10519000400084F8400095F8410084F84100012067
:1051A0004CE7B946184900206F8F95F83E2028310A
:1051B00039F810309F4203D2B5F83CC09C4505D861
:1051C0000B5C934204D25B1C0B5401E001F800B06D
:1051D0000B5C934202D3012301E00EE00023334332
:1051E000401CC0B21E460628E2D313B10420FFF7CC
:1051F00051FE287800287FF47FAF6846FFF7B8FE9D
:105200007AE7012086E700001C0000204407002008
:10521000002831D0EFF3108272B6184991ED000AE0
:1052200080ED000A91ED010A80ED010A91ED020A7C
:1052300080ED020A91ED030A80ED030A91ED040A64
:1052400080ED040A91ED050A80ED050A91ED060A4C
:1052500080ED060A91ED070A80ED070A91ED080A34
:1052600080ED080A4B6A43620B8D038591F82A1082
:1052700080F82A1082F3108870470000EC070020A5
:1052800070B5674C8CB00026054626709FED650A08
:105290002C2184ED010A84ED020A84ED030A84EDD9
:1052A000040AE66126626662668084ED050A84ED82
:1052B000060A6846FBF70EF92C225B496846FBF7A5
:1052C000D7F85A489DED000A80ED000A9DED010ACD
:1052D00080ED010A9DED020A80ED020A9DED030AB0
:1052E00080ED030A9DED040A80ED040A9DED050A98
:1052F00080ED050A9DED060A80ED060A9DED070A80
:1053000080ED070A9DED080A80ED080A09994162BF
:10531000BDF8281001859DF82A1080F82A10EDB3F9
:1053200095ED000A00F088F8C0B395ED010A00F091
:1053300083F898B395ED030A00F07EF870B395ED0D
:10534000000AB5EEC00AF1EE10FA58D995ED010A3F
:10535000B5EEC00AF1EE10FA51D995ED030AB5EE9B
:10536000C00AF1EE10FA4AD910EE100AB0F17E5FD1
:1053700045DC296991B1686980B184ED030A00EECA
:10538000101A9FED2B1AF8EE400A00EE100AB8EE44
:10539000400A60EE800A81EE200A00E02FE06062A1
:1053A00084ED060A00F048F848B394ED060AB5EE1D
:1053B000C00AF1EE10FA22D995ED010ADFED1D0ABF
:1053C00020EE200AF0EE000A84ED010A60EE200AC9
:1053D00095ED001A80EE810A84ED020A00F02CF8A7
:1053E00068B194ED020AB5EEC00AF1EE10FA06D9E2
:1053F000D4ED030AB4EEE00AF1EE10FA02DD00206B
:105400000CB070BD95ED000A012084ED040A2070F7
:10541000287A00F06FF808B10120F1E72670EEE776
:105420004C00002000000000189C0008EC07002041
:1054300000007A44EC05513FB4EE400AF1EE10FA58
:105440000BD110EE100AB0F1FF4F06DA10EE100A81
:1054500010F5000F01D201207047002070470000B6
:1054600000B520488BB000219FED1F0AC16180ED7F
:10547000050A2C216846FBF72DF82C221B496846AB
:10548000FAF7F6FF1A489DED000A80ED000A9DED3F
:10549000010A80ED010A9DED020A80ED020A9DEDF0
:1054A000030A80ED030A9DED040A80ED040A9DEDD8
:1054B000050A80ED050A9DED060A80ED060A9DEDC0
:1054C000070A80ED070A9DED080A80ED080A099990
:1054D0004162BDF8281001859DF82A1080F82A1035
:1054E0000BB000BD4C00002000000000449C0008F0
:1054F000EC07002070B50D4D04462878002804D034
:105500001E2C03D03C2C01D0002070BD00206A6A04
:1055100041084FEA3203181861410023FAF7ECFE04
:1055200028620028F1D06C80012070BD4C00002062
:1055300020F00041B1F1804F01D9C1F100410A0EC4
:10554000402A02D3B7EE000A14E021F07F4100EEBA
:10555000101A0C49DFED0A0AB8EE400A01EB82018D
:1055600091ED011A60EE200A91ED000A31EE401A29
:1055700001EE200A002801DAB1EE400A704700006F
:1055800000008033149B000870B504007ED0514D9C
:10559000287800287AD095ED050A4FF07E5110EE5C
:1055A000100A88420DDAD5ED060A30EE200A10EE18
:1055B000100A85ED050A884203DDB7EE000A85ED85
:1055C000050AE869FFF7B4FF84ED000AE869A0F175
:1055D0005530FFF7ADFF84ED010AE86900F1553061
:1055E000FFF7A6FF84ED020AD5ED010A95ED051A35
:1055F000D4ED001A60EE810A61EEA01A20EE200AB6
:10560000C4ED031A94ED012A22EE202A84ED042A27
:1056100084ED050A95ED040A84ED060A95ED020A6B
:1056200020EE010A84ED070A84ED081AE869606239
:1056300068882085012084F82A00B0EE610AFFF70F
:10564000FBFEE8B394ED040AFFF7F6FEC0B394ED59
:10565000050AFFF7F1FE98B31F4894ED000A80EDAC
:10566000000A94ED010A80ED010A94ED020A80ED32
:10567000020A94ED030A80ED030A94ED040A80ED1A
:10568000040A94ED050A80ED050A00E01BE094EDA4
:10569000060A80ED060A94ED070A80ED070A94EDEC
:1056A000080A80ED080A616A4162218D018594F83B
:1056B0002A1080F82A10D5E907010844E86100E0C3
:1056C00003E0012070BD002070BD002084F82A0096
:1056D000F9E700004C000020EC07002010B501F0B5
:1056E00025FFFFF7CDF80548B6EE000A80ED0C0A5D
:1056F00080ED0D0A80ED0E0A10BD00003C08002070
:1057000010B5002841D000293FD0002A3DD0002B01
:105710003BD0384B38481C78C4B3B7EE000A80ED54
:10572000000A118800EE101AB8EE400A80ED010A56
:10573000518800EE101AB8EE400A80ED020A9188F6
:1057400000EE101AB8EE400A80ED030AD18800EE90
:10575000101AB8EE400A80ED040A118900EE101A02
:10576000B8EE400A80ED050A518900EE101AB8EE35
:10577000400A80ED060A92ED0F0A00BFB8EE400A1B
:1057800080ED070A84F00100187010BDFFE79FED5F
:105790001B0A80ED000A4A8800EE102AB8EE400A83
:1057A00080ED010A8A8800EE102AB8EE400A80EDEA
:1057B000020ACA8800EE102AB8EE400A80ED030AF9
:1057C0004A8900EE102AB8EE400A80ED040A8A8960
:1057D00000EE102AB8EE400A80ED050ACA8900EEF4
:1057E000102AB8EE400A80ED060A498A00EE101A27
:1057F000C4E7000000000020680100200000000055
:10580000002851D0EFF3108272B6284991ED000ABA
:1058100080ED000A91ED010A80ED010A91ED020A86
:1058200080ED020A91ED030A80ED030A91ED040A6E
:1058300080ED040A91ED050A80ED050A91ED060A56
:1058400080ED060A91ED070A80ED070A91ED080A3E
:1058500080ED080A91ED090A80ED090A91ED0A0A26
:1058600080ED0A0A91ED0B0A80ED0B0A91ED0C0A0E
:1058700080ED0C0A91ED0D0A80ED0D0A91ED0E0AF6
:1058800080ED0E0A91ED0F0A80ED0F0A91F840307D
:1058900080F8403091F8413080F8413091F8421062
:1058A00080F8421082F31088704700003C08002006
:1058B000044810B5C07818B100F006F8002800D0F0
:1058C000012010BD740000200548C078022805D0D2
:1058D000032803D0042801D000207047012070471E
:1058E0007400002010B501212448FCF7F7FD58B1E1
:1058F00000222349002003468C793CB10C79A24256
:1059000017D00A714B811CE00122F2E712B10B8122
:10591000002010BD08891E2804D2401C80B20881D6
:105920001E28F5D3012088710B714B714B818B813F
:10593000EEE74C891E2C04D2641CA4B24C811E2CB0
:105940000BD04A79002AE4D08A894FF6FF739A4235
:10595000DFD28A89521C8A8110BD4C794A710AB102
:105960008B81F6E7002CF7D08A8940F2B634323AC0
:10597000A24200D801208B8110BD0000000C00481D
:105980007400002010B5064CE07838B100F00AF839
:1059900020B9E078022801D0002010BD012010BD00
:1059A000740000200548C078012805D0032803D0E2
:1059B000042801D0002070470120704774000020A7
:1059C00070B514460E46050047D0002E45D0002C79
:1059D00043D0AA8804230321012000F049FF2A882C
:1059E00004230B21012000F043FF6A8804230321D4
:1059F000022000F03DFF328804230B21022000F03A
:105A000037FF032122780223084600F031FF94ED8E
:105A1000050ADFED120A04230B2120EE200A0320E1
:105A2000BCEEC00A10EE102A00F022FFD4E90120DB
:105A30000243E068052302430321042000F0F6FE40
:105A4000E06A0749BDE87040B0FBF1F201FB1202C9
:105A500005230B21042000F00BBF70BD00007A4429
:105A6000A08601000120704700EB8100006E00F06D
:105A7000F84070478068C0F3C00070478068C0F38A
:105A8000800070478068C0F380007047C06810F4E1
:105A9000406F01D0002070470120704710B501F021
:105AA000010303EBC303C1F3015404EB830300EBD5
:105AB0008300C368034C0A400C40A3431343C360F4
:105AC00010BD0000FFFFC77D042303EAD15310B5CA
:105AD00018444369C1F3045107248C40A3438A400E
:105AE0001343436110BD00EB8100016E21F00041C2
:105AF000114301667047000070B592B000240F9406
:105B000010941C2168461194FAF7E4FC202107A8A0
:105B1000FAF7E0FC36484FF0A041012501604FF450
:105B20000021C0E90114C46008210461C0E90551E5
:105B3000047744770221016280F824404FF4D46155
:105B4000C162A902016380F838508900C16380F8FE
:105B50004040FBF703FF08B1FBF7DAF80FA9244830
:105B60000F94FBF73BF908B1FBF7D2F821480090FE
:105B7000214E4FF44000CDE9010640F6FF70CDE91B
:105B800004048DF80C50694619480694FBF7D6F9C1
:105B900008B1FBF7BDF80620CDE9076003200990A6
:105BA0007F200A900420CDE90B0407A91048FBF7D9
:105BB000F1FA08B1FBF7ACF8104C0C20CDE9074026
:105BC00007A90B48FBF7E6FA08B1FBF7A1F80C4868
:105BD00000904FF0E070CDE9010469460448FBF7FE
:105BE000ADF9002801D0FBF793F812B070BD0000AA
:105BF000880100200000C07D040060088000501D66
:105C0000FFFF170070B590B01C216846FAF762FCE0
:105C1000202107A8FAF75EFC2648254900240160E8
:105C2000C902C0E90114C46008210461C0E905414A
:105C3000047744770125056280F824404FF4D4614D
:105C4000C162A902016380F838508900C16380F8FD
:105C50004040FBF783FE08B1FBF75AF81648009066
:105C6000164E4FF44000CDE9010640F6FF70CDE935
:105C700004048DF80C5069460E480694FBF75EF953
:105C800008B1FBF745F80620CDE90760032009902D
:105C90007F200A900420CDE90B0407A90548FBF7F3
:105CA00079FA002801D0FBF733F810B070BD00007E
:105CB00000010050F40100200000C07D40002019C8
:105CC00070B592B000240F9410941C216846119472
:105CD000FAF700FC202107A8FAF7FCFB3648354903
:105CE000012501604902C0E90114C4600821046172
:105CF000C0E90551047744770221016280F824400D
:105D00004FF4CC61C162A902016380F83850890068
:105D1000C16380F84040FBF721FE08B1FAF7F8FFB5
:105D20000FA925480F94FBF759F808B1FAF7F0FFCF
:105D300022480090224E4FF44000CDE9010640F683
:105D4000FF70CDE904048DF80C5069461A4806949A
:105D5000FBF7F4F808B1FAF7DBFF0620CDE907609E
:105D6000032009907F200A900420CDE90B0407A9A5
:105D70001148FBF70FFA08B1FAF7CAFF114C0C20D3
:105D8000CDE9074007A90C48FBF704FA08B1FAF778
:105D9000BFFF0D4800904FF0E070CDE90104694667
:105DA0000548FBF7CBF8002801D0FAF7B1FF12B095
:105DB00070BD000000040050600200200000C07DA3
:105DC000001060328000501DFFFF170070B590B0CA
:105DD0001C216846FAF77EFB202107A8FAF77AFB18
:105DE00033483249002401604FF40021C0E9011416
:105DF000C460012508210461C0E905510477447796
:105E00000221016280F824404FF4CC61C162A902F2
:105E1000016380F838508900C16380F84040FBF787
:105E20009DFD08B1FAF774FF22480090224E4FF40E
:105E30004000CDE9010640F6FF70CDE904048DF87D
:105E40000C5069461A480694FBF778F808B1FAF73F
:105E50005FFF0620CDE90760032009907F200A90AC
:105E60000420CDE90B0407A91148FBF793F908B109
:105E7000FAF74EFF114C0C20CDE9074007A90C485A
:105E8000FBF788F908B1FAF743FF0D4800904FF08F
:105E9000E070CDE9010469460548FBF74FF800289A
:105EA00001D0FAF735FF10B070BD000000050050BA
:105EB000CC0200200000C07D0010603202003004DF
:105EC000FFFF170070B590B01C216846FAF702FB7F
:105ED000202107A8FAF7FEFA33483249002401606E
:105EE0004FF40021C0E90114C460012508210461B8
:105EF000C0E90551047744770221016280F824400B
:105F00004FF4CC61C162A902016380F83850890066
:105F1000C16380F84040FBF721FD08B1FAF7F8FEB5
:105F200022480090224E4FF44000CDE9010640F691
:105F3000FF70CDE904048DF80C5069461A480694A8
:105F4000FAF7FCFF08B1FAF7E3FE0620CDE9076097
:105F5000032009907F200A900420CDE90B0407A9B3
:105F60001148FBF717F908B1FAF7D2FE114C0C20D3
:105F7000CDE9074007A90C48FBF70CF908B1FAF77F
:105F8000C7FE0D4800904FF0E070CDE9010469466E
:105F90000548FAF7D3FF002801D0FAF7B9FE10B090
:105FA00070BD000000060050380300200000C07DD6
:105FB000002090360008302EFFFF1700214808B55A
:105FC000816C41F004018164816C01F00401009155
:105FD000816C41F001018164816C01F0010100914B
:105FE000816C41F002018164806C002200F00200AB
:105FF000009002210B20FDF7F7F90B20FDF7E6F9E1
:10600000002201210C20FDF7EFF90C20FDF7DEF94D
:10601000002201213820FDF7E7F93820FDF7D6F9F5
:10602000002201213920FDF7DFF93920FDF7CEF9F3
:10603000002201213A20FDF7D7F9BDE808403A20B7
:10604000FDF7C4B9001002402DE9F04186B01421DB
:106050006846FAF73FFA3048C16C41F02001C1644C
:10606000C16C01F020010591C16C41F00401C164D3
:10607000C16C01F004010591C16C41F00101C164E2
:10608000C16C01F001010591C16C41F00201C164D4
:10609000C16C01F002010591C16C41F01001C164B5
:1060A000C16C01F010010591C16C41F00801C1649F
:1060B000C06C4FF4004400F008004FF0904705908A
:1060C000002221463846FCF70EFADFF85080002205
:1060D00080214046FCF707FA009401AA012400251C
:1060E000022682E8700069463846FCF7DDF8CDE903
:1060F000004569460A480294FCF7D6F880200090D3
:1061000001AA112082E8610069464046FCF7CCF8FC
:1061100006B0BDE8F0810000001002400004004815
:10612000000C0048F0B5C1B000243D943F94379472
:106130003E9438943A943B943C94399430943194FE
:106140003294602168463394FAF7C4F93494359454
:106150001C2129A83694FAF7BDF9242120A8FAF7C2
:10616000B9F9202118A8FAF7B5F9FF48FD49042527
:106170008460C0E90015FCF7A1FD08B1FAF7C8FD7D
:106180000C21F948FCF751FB08B1FAF7C1FD0A21CF
:10619000F548FCF785FE08B1FAF7BAFD0021F24890
:1061A000FCF762FD08B1FAF7B3FD3D943DAA042166
:1061B000ED483E94FCF7A6FC08B1FAF7A9FD379428
:1061C0003894399437AA0421E7483A94FCF7B0FB95
:1061D00008B1FAF79DFD01220421E348FCF70CFD0C
:1061E0000226CDE93B463BAA0121DF48FCF704FA31
:1061F00008B1FAF78DFD00220121DB48FCF77EF99A
:1062000008B1FAF785FD3BAA0221D7483C96FCF776
:10621000F3F908B1FAF77CFD00220221D248FCF71D
:106220006DF908B1FAF774FD30AA48F2D04008269B
:1062300082E871000621CC48FCF77CFE08B1FAF731
:1062400067FD0094019401270294CDE90347089467
:106250000594069407940D9409940A940B940C9455
:106260006A460621C0481794FCF79CFF08B1FAF76C
:106270004FFD44F26820349034AB02220621BA4824
:10628000FCF795FE08B1FAF743FD0320329030AADF
:106290000021B548FCF74EFE08B1FAF739FD2C9401
:1062A00029AA0021B04829972F94FCF7C3FF08B111
:1062B000FAF72EFD4FF4A0773A460021AA48FCF7E2
:1062C00012FE08B1FAF724FD00944FF000600A9026
:1062D0000DA90194800081E831004515CDE91045F4
:1062E0001294149415946A4600219F481694FCF762
:1062F00059FF08B1FAF70CFD6A4601219A48FCF7EC
:1063000051FF08B1FAF704FD6A4602219648FCF7EE
:1063100049FF08B1FAF7FCFC6A460321924812943F
:10632000FCF740FF08B1FAF7F3FC6A4604218E48F7
:10633000FCF738FF08B1FAF7EBFC34AB012200217F
:106340008948FCF734FE08B1FAF7E2FC4FF44060EC
:1063500020905520CDE92104CDE9244023942694B2
:10636000279420AA002180482894FCF78FFA08B1CE
:10637000FAF7CEFC20AA01217B48FCF787FA08B186
:10638000FAF7C6FC20AA02217748FCF77FFA08B189
:10639000FAF7BEFC20AA03217348FCF777FA08B18C
:1063A000FAF7B6FC20AA04216F48FCF76FFA08B18F
:1063B000FAF7AEFCCDE918462020CDE91A64CDE904
:1063C0001C401E9418AB0122002167481F94FCF763
:1063D0009EFE08B1FAF79CFC18AB0422012162482A
:1063E000FCF795FE08B1FAF793FC18AB10220221D6
:1063F0005D48FCF78CFE08B1FAF78AFC18AB402226
:1064000003215948FCF783FE08B1FAF781FC18AB69
:106410002A4604215448FCF77AFE08B1FAF778FCC2
:10642000199418AB022200214F481A94FCF76FFE12
:1064300008B1FAF76DFC18AB082201214A48FCF7B5
:1064400066FE08B1FAF764FC18AB20220221464828
:10645000FCF75DFE08B1FAF75BFC18AB8022032164
:106460004148FCF754FE08B1FAF752FC18AB4FF460
:10647000007204213C48FCF74AFE08B1FAF748FCD8
:1064800030AA01213848FCF755FD08B1FAF740FC65
:1064900029AA01213448FCF7CDFE08B1FAF738FCEF
:1064A0003A4601213048FCF71EFD08B1FAF730FCEE
:1064B000012234AB11462C48FCF779FD08B1FAF7FC
:1064C00027FC30AA02212848FCF734FD08B1FAF76E
:1064D0001FFC29AA02212448FCF7ACFE08B1FAF7F8
:1064E00017FC3A4602212048FCF7FDFC08B1FAF7F8
:1064F0000FFC34AB012202211B48FCF758FD08B108
:10650000FAF706FC30AA03211748FCF713FD08B17F
:10651000FAF7FEFB29AA03211348FCF78BFE08B10A
:10652000FAF7F6FB3A4603210F48FCF7DCFC08B10A
:10653000FAF7EEFB34AB012203210B48FCF737FDE1
:1065400008B1FAF7E5FB30AA04210748FCF7F2FC92
:1065500008B1FAF7DDFB29AA04210348FCF76AFE1B
:1065600030B103E00068014084050020FAF7D0FB59
:106570003A4604210948FCF7B6FC08B1FAF7C8FB13
:1065800034AB012204210548FCF711FD08B1FAF7EC
:10659000BFFB0248FCF72EFC41B0F0BD8405002093
:1065A0000A4810B5084901600421416040F6FF71B6
:1065B000C160F9218160FCF77BFE002803D0BDE8B3
:1065C0001040FAF7A5BB10BD003000408006002047
:1065D000184810B5164901604FF4E12141600021CF
:1065E00081600C22C160C0E904128161C161016255
:1065F00041628162FDF7F3FC08B1FAF789FB0021E3
:106600000C48FDF7C6FC08B1FAF782FB00210948E7
:10661000FDF799FC08B1FAF77BFB0648FDF774FC1F
:10662000002803D0BDE81040FAF772BB10BD00008F
:1066300000440040900600204FF48061082001F0E3
:10664000D9FAFEE74FF48071082001F0D3FAFDF784
:1066500039FAFEE770B500240021204600F0A1F8C9
:106660000025002000F065F96D1CEDB2802DF8D3F7
:10667000641CE4B2082CEFD370BD10B5012000F00B
:106680002BF9BDE81040012000F034B970B50024AA
:106690000646802525FA04F0304000D0012000F0A5
:1066A00029F9012000F018F9002000F015F9641C08
:1066B000E4B2082CEED3012000F00EF9BDE87040E2
:1066C000002000F009B910B5012000F013F90120F5
:1066D00000F002F9002000F00DF9BDE810400020A4
:1066E00000F0FAB810B5002000F004F9012000F025
:1066F000F3F8BDE81040012000F0FCB810B5FFF73A
:10670000BCFFAE2000F004F9D52000F001F9802094
:1067100000F0FEF8A82000F0FBF83F2000F0F8F8A9
:10672000D32000F0F5F8002000F0F2F8402000F04F
:10673000EFF8A12000F0ECF8C82000F0E9F8DA202A
:1067400000F0E6F8122000F0E3F8812000F0E0F815
:10675000CF2000F0DDF8D92000F0DAF8F12000F0C9
:10676000D7F8DB2000F0D4F8302000F0D1F8A420D6
:1067700000F0CEF8A62000F0CBF88D2000F0C8F88D
:10678000142000F0C5F8AF2000F0C2F8BDE81040BA
:10679000FFF760BF0246012000E05043491EFCD2D3
:1067A000704710B50C4640F0B00000F0B1F8102072
:1067B00040EA141000F0ACF804F00F00BDE81040FF
:1067C00000F0A6B82DE9F0410746CE004000083E93
:1067D000801E15464FF0FF38F1B2C0B2FFF7E1FF5F
:1067E0001148002400EB05152819A0F5805090F8F9
:1067F000000E00F09EF8641CE4B2082CF4D308EB01
:106800004700F1B2C0B2FFF7CCFF00242819A0F571
:10681000805090F8080E00F08CF8641CE4B2082C4C
:10682000F4D3BDE8F0810000749C00082DE9F0412C
:106830001D4617460E468046002415E0291B1020F1
:10684000491EFFF7A7FFB7FBF0F000F00F0206EBC1
:106850000400C1B20A2A404601D2303200E0373289
:10686000FFF7B0FF641CE4B2AC42E7D3BDE8F081AF
:106870002DE9F04700241D461646884681460A2722
:1068800013E0291B0A20491EFFF784FFB6FBF0F036
:10689000B0FBF7F107FB110208EB0400C1B2484658
:1068A0003032FFF78FFF641CE4B2AC42E9D3BDE89D
:1068B000F0872DE9F04115460E460746002406E014
:1068C0003019C1B23846FFF77DFF641CE4B22A5D7F
:1068D000002AF5D1BDE8F08110B502464FF4004121
:1068E0004FF09040FBF7FFFDBDE81040032002F0A1
:1068F00079BF000010B5024680210448FBF7F3FD84
:10690000BDE81040012002F06DBF00000004004807
:1069100010B50446FFF7D7FE7820FFF7B7FE00203A
:10692000FFF7B4FE2046FFF7B1FEBDE81040FFF7C9
:10693000D9BE10B50446FFF7C6FE7820FFF7A6FEC5
:106940004020FFF7A3FE2046FFF7A0FEBDE8104061
:10695000FFF7C8BE034805210170002101614171A4
:1069600070470000A000002000B59DB0684601F00F
:1069700055FA9DF8370000281AD00C98002817D136
:106980000C480178062905D00178072902D0007843
:1069900008280DD1684600F04BFC002808D00EA84E
:1069A00000F0EAFA189808B94FF4004000F0BCF97A
:1069B0001DB000BDA0000020014800787047000015
:1069C000A000002010B5134A0446D0605170002189
:1069D0001170116151619161D161116251629170C7
:1069E000D17011715171D1801181518100F008FE77
:1069F000204601F03FFF00280AD0204600F00CFBA3
:106A0000002805D0BDE810404FF4C07000F08CB9EC
:106A100010BD0000A000002070B5040043D0234D3D
:106A2000E868E8B301F026FFD0B3E868DFED200A9C
:106A300094F8371090ED010A90ED022A60EE201ACA
:106A4000DFED1C0A20EE201A90ED030A72EE400AD8
:106A500032EE002A21B394F8361009B394ED050AFA
:106A6000B4EEE10AF1EE10FA1DDBB4EEC10AF1EE6C
:106A700010FA18D894ED060AB4EEE00AF1EE10FA16
:106A800011DBB4EEC20AF1EE10FA0CD894ED070A4D
:106A9000D0ED060AB4EEE00AF1EE10FA03DB00E0F6
:106AA00001E0012070BD002070BD0000A0000020AA
:106AB0006666663FCDCC8C3F10B500F0A1FDBDE809
:106AC000104000F085BB00002DE9F0479CB0064661
:106AD000684601F0A3F9914C2069401C20610C9993
:106AE00049B120780A2801D0FFF7E6FF0A2020707C
:106AF0001CB0BDE8F0872178002509274FF0010977
:106B00004FF004084FF4004A0B2970D2DFE801F07F
:106B1000072D2D303C4B7B9FDFF50600E8E76178C1
:106B200011B14FF47A7100E064218142E0D8E0684D
:106B300058B1417811B1012902D006E04846BBE0C6
:106B400001F036FD08B10220B6E0E06801F092FEE7
:106B500020B19DF8350008B10320ADE05FF0800062
:106B600000F0E2F8C4E72561C2E700F049FDBFE7A5
:106B70009DF837100029BBD09DF834100029B7D0FC
:106B8000C828B5D3404697E06846FFF745FF40B1B7
:106B90006069401C6061B0F5FA7FA9D3FFF7DAFEA7
:106BA000A6E76561A4E76846FFF736FF98B160790C
:106BB000B8B1002E9CD06E463046FFF72DFF00285E
:106BC00096D001F025F9002892D13146012000F03D
:106BD00055F998B90CE084F800806561256165710C
:106BE00086E7E078002883D184F8059080E791E07B
:106BF00002F0ECF810B900F0C7FC10B14FF484704B
:106C0000AEE7062058E0E6BB9DF83600D0B3E0685A
:106C10009DED070AD0ED070AB4EEE00AF1EE10FA96
:106C200068D30EA800F0A8F99DF86A0030B1694653
:106C3000022000F023F930BB07203DE0E068216925
:106C4000B0F87E0088428DD84FF4803088E7C6B90E
:106C50009DF83600B0B1E0689DED070AD0ED070A57
:106C6000B4EEE00AF1EE10FA44D30EA800F084F975
:106C70009DF86B0010B3E06890ED051A90ED0A0ADC
:106C800002E025E036E014E071EE401ADDED070A7F
:106C9000F4EEE01AF1EE10FA10D831EE000AB4EE7C
:106CA000E00AF1EE10FA09DB6946032000F0E6F88D
:106CB00008B1504654E70820207054E7E068216985
:106CC000B0F8800088428BD84FF4006048E71EB1CE
:106CD000FFF7F2FE277046E79DF8360050B1E068F6
:106CE0009DED070AD0ED070AB4EEE00AF1EE10FAC6
:106CF000BFF438AF402033E7FFE76428FFF432AF3A
:106D00006846FFF789FE00287FF448AF84F80080CA
:106D1000256146E74FF4007022E70000A000002044
:106D200000B10120FFF7D0BE10B501F0CFFB00F09D
:106D30004FFA02490A20087010BD0000A000002090
:106D400030B59DB00EA801F069F8684600F014F95E
:106D50001E4C2078062818D02078072815D02078D7
:106D6000082812D000251698A169884223D01798C8
:106D7000E16988421FD01898216A88421BD09DF88B
:106D80006C00C0B11A9810B115E00125EBE720782E
:106D90000A2810D000F0C4FB68B100F0D3FBA84271
:106DA00009D135B10898616A884204D000F00AFA26
:106DB00008B1012000E000201699A1611799E16156
:106DC00018992162089961621DB030BDA0000020B1
:106DD00004498A6A02438A62002081F83400012053
:106DE000704700001C090020B4EE400AF1EE10FAD2
:106DF0000BD110EE100AB0F1FF4F06DA10EE100AB8
:106E000010F5000F01D201207047002070470000EC
:106E1000044880ED000A80ED010A80ED020A80ED51
:106E2000030A7047F80800201349F0EE400AA1F168
:106E3000100091ED010A90ED001AD1ED001A90EDCD
:106E4000012A20EE010AD0ED032A01EEA00AD1EDBD
:106E5000021A01EE820A91ED032AD0ED021A02EE27
:106E6000610A91ED042AC0ED031A02EE620A80ED78
:106E7000020AC0EC020A7047080900202DE9F05F01
:106E80003A4C05460E4620780027A8B1A6B115B1A8
:106E900096F8370080B1EFF3108A72B67DB1DFF853
:106EA000D0804FF0000B4FF00109012D0AD0022DC8
:106EB00031D0032D48D052E00120BDE8F09F00F012
:106EC00087F94DE02A489C3801F0E2FD28487038E7
:106ED00001F004FF96ED070AFFF79AFFDFED250AA0
:106EE0004146C4ED030A96ED070A84ED040AC4ED99
:106EF000050AC4F818B0C4F820B0A4F802B0A4F889
:106F000004B088F832B088F833B041F828BF8D71EA
:106F100081F80C9024E096ED070AFFF779FF96EDD3
:106F2000070A134884ED040AA4F802B0F0EE400A00
:106F300094ED031A9C3801F061FD80B1404600F8E1
:106F40002E5F80F806900BE0A06890ED050A4046A1
:106F500084ED040A00F82E5F80F8059000E0012718
:106F6000BAF1000F00D162B63846A6E7C80000208B
:106F70001C0900200000000000284AD0EFF3108216
:106F800072B6244991ED000A80ED000A91ED010AE4
:106F900080ED010A91ED020A80ED020A91ED030AEB
:106FA00080ED030A91ED040A80ED040A91ED050AD3
:106FB00080ED050A91ED060A80ED060A91ED070ABB
:106FC00080ED070A0B6A03624B6A43628B6A836235
:106FD0008B8D838591F82E3080F82E3091F82F30EC
:106FE00080F82F3091F8303080F8303091F831301F
:106FF00080F8313091F8323080F8323091F8333007
:1070000080F8333091F8341080F83410002A00D121
:1070100062B670471C0900202DE9F041644E044619
:107020002DED028B3821B060002030706148F9F7F7
:1070300051FA48F28007002C7ED094ED0E0AB5EE8E
:10704000C00AF1EE10FA77D9D4ED020AF5EEC00AC3
:10705000F1EE10FA70D9F1EE001A94ED191A60EE03
:10706000A10AB4EEE01AF1EE10FA65D9F2EE040AC4
:1070700001EE600AB0EEC00A10EE100AB0F17C5FBB
:107080005ADC94ED100ADFED4C0A80EE202AD4ED94
:10709000180A94ED170ADFED491A46489C3801F0AA
:1070A0006CFC94ED163A434894ED0E2AF1EE432A17
:1070B000D4ED151A94ED021AD4ED140A94ED130AC6
:1070C000703801F07FFD94ED0E1A94ED020AF0EE97
:1070D000008AC1EE000AB6EE001A70EE810AFCEEDC
:1070E000E00AC6ED070ADFED360A20EE208A94EDAD
:1070F000190A60EE280A88EE200A02F0F7F9C8EEB5
:10710000001AD4ED1A2A28EE081A2A4D143D61EE11
:10711000A10AB0EE600A30EE813A02EEA10A30EE2A
:10712000012A83EE020A31EE603A63EE283A83EEDA
:10713000823A85ED000A00E02AE042EEE10A85EDA0
:10714000013A85ED020A85ED033AA5F1880070EE5B
:10715000810A80EE821A85ED041A90F82900B8B1F0
:10716000A5F15C0090F8490090B1F06980B1FFF79B
:107170003BFE68B195ED010AFFF736FE40B195ED93
:10718000040AFFF731FE18B1204601F03BFE30B192
:10719000BDEC028B3846BDE8F041FFF719BE012077
:1071A000307000F015F8BDEC028B0020BDE8F081D6
:1071B000C80000201C090020F304B53F00000000B7
:1071C000DB0F4941014890F8340070471C0900204A
:1071D00070B5144801F05CFC12482C3001F07EFDC3
:1071E00010480025114C40F8785F9FED0F0A45606C
:1071F0008560C56084ED030A84ED040A84ED050A08
:10720000A56125626580A58001F010FE0548382142
:107210009C30F9F75FF903489C3000F82E5F217825
:10722000817170BD8008002000000000C8000020AF
:107230002DE9F05FB64C06462DED048B4FF4004B64
:107240002078C0B1A068B0B1AEB196F8371091B156
:10725000DFF8C09299F8491069B1A9F12C0A9AF89F
:10726000291041B109F1700595F82E1019B195F862
:107270002E10032901D9584612E195F82E10002747
:107280004FF00108012915D06088401C80B2608051
:107290000A2853D3678096ED070AFFF7C5FDB0EEC5
:1072A000408AFFF7A1FD0028E5D095F82E000228BE
:1072B00019D030E0D0ED1D0A90ED0E1A80EE810A53
:1072C000D4ED030A70EE800AC4ED030A90ED1C0AA7
:1072D000B4EEE00AF1EE10FA01D284ED030A206A5E
:1072E000401C20622AE0A06890ED1B0AD0ED190A2C
:1072F00080EE201A94ED040A71EE000AC4ED040A2F
:1073000090ED050AB4EEE00AF1EE10FA03D884ED30
:10731000040A85F833807F48F0EE480A94ED040AA9
:107320002C3801F0BBFA84ED030AFFF75DFD00285D
:10733000A1D085ED018A686A401C686296ED040A56
:10734000D4ED030AA06820EE200AD0ED010A7148AE
:1073500080EE209AD6ED020A39EE608AB0EE490A34
:1073600001F0A8FBD6ED040AF069F0EE409A70EE49
:10737000C08AB0F1804F7FF77EAFB0EE490AFFF7C9
:1073800033FD002890D0B0EE480AFFF72DFD00280D
:107390008AD099ED0E0AFFF727FD002884D0B0EEC1
:1073A000690AFFF721FD0028C2D0B0EE680AFFF796
:1073B0001BFD0028BCD0A068D6ED070A90F9960006
:1073C00000EE100AB8EEC00A20EE280AC0EE208AAD
:1073D000B0EE680AFFF708FD20B1B0EE680A01F0D0
:1073E00095FC10B14FF401405AE094ED050A08EE07
:1073F000080A84ED050AA069401CA061E169884281
:1074000039D300EE900AB8EE601AC0EE010AB0EE71
:10741000600A02F04EF885ED050A9FED3F0A84ED03
:10742000050AA76195F82E00012824D1A068D4EDA3
:10743000030A90ED1C0AB4EEE00AF1EE10FA1AD835
:1074400090ED0E0ADFED350AB0F87C2080EE201AB0
:10745000BCEEC10A10EE101A5143226A91420AD8BA
:1074600095ED050AD0ED1E0AB4EEE00AF1EE10FA31
:1074700001D885F8328099F8480010B901F0D0FCA5
:10748000A0B1A0884FF6FF71884201D2401CA080B5
:10749000A068A188B0F88200884208D84FF4003074
:1074A000BDEC048BBDE8F05FFFF792BCA78094EDC4
:1074B000040A85ED000A95F82E00012803D196ED07
:1074C000070A85ED010A94ED030A85ED020A85EDB0
:1074D000039A85ED048AC5ED069A183501F08CFCF7
:1074E00085ED010AA088A8829AF82800E87599F825
:1074F0004800287601F094FC6876A868401CA860D3
:1075000085F81C800020BDEC048BBDE8F09F0000D6
:10751000C8000020AC0800200000000000007A44F1
:107520000148007870470000EC000020034900206B
:10753000487003490F20086070470000EC000020ED
:10754000986B01400148407870470000EC00002033
:1075500010B50B4A0B4C1368A34207D130B148F267
:10756000D044A04202D209B1A14201D3012010BDF2
:10757000C3F89C001068C0F81C11002010BD00006A
:1075800084050020006801400B4810B500680B49D5
:10759000884206D10A4C207818B1607818B10020D2
:1075A00010BD012010BD0F210348FBF7CBFD0028C3
:1075B000F8D10121617010BD8405002000680140F0
:1075C000EC0000200B4810B500680B49884201D040
:1075D000012010BD094C207808B1002010BD4FF4E7
:1075E0007C110448FBF77DFD0028F7D101212170B3
:1075F00010BD00008405002000680140EC00002060
:10760000064810B500680649884203D10F21034897
:10761000FBF7B0FD03490020487010BD8405002031
:1076200000680140EC00002010B5FFF77FFFBDE8C7
:107630001040FDF725B9000070B59AB00646FEF778
:1076400043F900284CD0002E4AD03B4C2078062825
:1076500002D02078072843D196F841004FF40075F6
:1076600008B1F06B28B1F26B02B92A460021022062
:1076700034E00CA800F0D2FB1498A16A884227D10C
:107680006078032801D2401C60709DF8670090B1BB
:10769000607803280FD29DED130A10EE100AB0F1A6
:1076A000804F08DBA06930B1D0ED090AB4EEE00AE2
:1076B000F1EE10FA16DBA06968B19DED130AD0ED6A
:1076C000090AB4EEE00AF1EE10FA04DB202103E02F
:1076D000A0620020D8E700212A46042000F020FA0A
:1076E0001AB070BD01A8FDF74FFFA8B19DF82E009C
:1076F00090B104A9DDED131A104891EC030AF9F7D3
:107700006BF848B10D4890ED0E1AD0ED0D0A90EDD2
:107710000C0AFDF7FFF808B16022A7E76069401C7A
:10772000606120780628DBD10998B0F17E5FD7DB55
:1077300007202070D4E70000740000203C080020DF
:1077400010B5FEF72FF900280ED0FFF70DF900F065
:107750005FFB002808D000F05BFB01460022BDE87B
:107760001040012000F0DCB910BD000030B5ABB016
:10777000040055D0684600F051FB0EA8FDF748FD07
:1077800019A8FEF73DF8284D287820702869606018
:1077900000F03EFBA060FDF75FFAE0609DED070A98
:1077A00084ED040A9DED210A84ED050A9DED160A7B
:1077B00084ED060A9DED250A84ED070A9DED260A53
:1077C00084ED080A9DED270A84ED090A0A98A06253
:1077D0006869E062FFF7B6FE84F83000FDF770F8E4
:1077E00084F83100287805280BD02878062808D09E
:1077F0002878072805D0002084F83200286910B1C5
:107800000BE00120F8E7FEF7BDF808B1A06820B949
:10781000FEF74EF830B1E06820B1002084F8330064
:107820002BB030BD0120F9E77400002070B51B4A71
:1078300000230D46C2E9060313625362936253703C
:107840009370D3701371537193711381538193812A
:107850000446137013615361204600F02FFB294644
:107860002046FFF7AFF80E48FDF746FA98B1FEF74D
:107870002BF820B10A484030FDF702FD58B1F0EE78
:10788000000A9FED080A0848F9F736F918B1FDF724
:1078900025FF002070BD012070BD00007400002095
:1078A00064A200086666663F3C08002010B504002C
:1078B0000CD0FDF7EFFAFDF7FBFF002806D02246BB
:1078C0000021BDE81040022000F02AB910BD10B51B
:1078D00004000CD000F0FAFDFEF754F8002806D0A2
:1078E00021460022BDE81040012000F019B910BD6A
:1078F00000B59FB0684600F091FA0EA8FDF7B2F906
:107900000C48807888B1089805280ED90998052870
:107910000BD9FDF7CDFF58B11998052805D91A984C
:10792000052802D91B98052802D800201FB000BDE9
:107930000120FBE77400002010B5FFF743FE0400B0
:1079400004D1FCF75FFF024901208870204610BD7A
:1079500074000020F0B58FB0FDF7C4FF0546FEF7B8
:1079600021F810B10020FFF7DBF9684600F056FA65
:10797000FFF722F80446FEF705F810B100F048FAC8
:1079800028B9FDF795FF58B1FDF766F940B1FDF74D
:1079900063F9044600F03CFA01462246032064E005
:1079A0005E480126C178D9B1062702291DD00A2CCC
:1079B00056D0054601295BD0062C65D0072C65D032
:1079C0000022082C67D0052C01D0092C0BD1EA61CC
:1079D000FCF72CFFFDF744FD052C53D0082058E0A0
:1079E0000670FDF77BFE0FB0F0BD9DF8371049B172
:1079F00004460078B0B12078012813D020780828F8
:107A000010D011E00178062907D004460078072835
:107A100003D0FCF70BFF2670E5E700214FF400725E
:107A2000042022E002202070002DDCD020780228E3
:107A30000CD02078062802D020780728D3D1FCF774
:107A4000F5FEFDF70DFD08202070CCE76846FEF737
:107A500009F818B108220021022006E02770C2E7C9
:107A600000F0D6F901460022012000F059F8BAE7EB
:107A7000052C07D0062C07D0072C07D0082C07D0E0
:107A8000002006E0022004E0032002E0042000E0E1
:107A900005202870A7E728780628A4D0287807288A
:107AA000A1D09DF83700052190B3A869DDED070A44
:107AB00090ED051A90ED0A0A71EE401AF4EEE01A04
:107AC000F1EE10FA25D831EE000AB4EEE00AF1EE3C
:107AD00010FA1EDBE8694FF4FA72904203D2401CA0
:107AE000E86190420CD32878062809D02878072826
:107AF00006D06846FDF7B6FF0028ABD12F7072E7BD
:107B00002878062888D02878072885D029706AE741
:107B1000FFE7EA612970FCF789FE64E77400002042
:107B200070B50D4E0D461446316901433161FDF7C4
:107B3000D5FD1DB12846FFF7F7F801E0FFF748FB38
:107B400014B12046FDF7A6F9FDF78AFC0348F9F7C2
:107B50003AF80920307070BD740000203C08002005
:107B600030B59FB00124684600F058F90EA8FDF723
:107B700079F81F4D2878092801D0286900B1002420
:107B8000FDF700FF18B1FFF7DBF800B90024FDF79F
:107B90008FFE50B11C98696A884205D0199818B1B7
:107BA0001A9808B11B9800B90024FDF78DFE68B142
:107BB000FCF786FE00B10120297806290AD0297831
:107BC000072907D00021884200D00024E878022845
:107BD00002D006E00121F6E70898296A884200D120
:107BE0000024089828621C9868621FB0204630BDA7
:107BF0007400002070B50D460446FFF797FCFCF7B3
:107C00003FFE204600F062FC2846BDE87040FDF7CC
:107C100041B90000B5EEC00AF1EE10FA01D800201B
:107C2000704710EE100A0849884202DB40F6FF70E8
:107C30007047F6EE000A30EE200ABCEEC00A10EEE5
:107C4000100A80B27047000000F07F452DE9F04334
:107C500087B00F46DDE90E5481461E4690461C2132
:107C60006846F8F737FCB9F1000F04D0A54202D2FC
:107C7000B4F5805F03D3012007B0BDE8F08300971F
:107C8000CDE9018601208DF80C0000200494CDE997
:107C9000055069464846F9F751F9EDE72DE9F047F7
:107CA00089462DED028B82B05FEA000A69D0B9F1F6
:107CB000000F66D03A4CA06900F07AFC002861D031
:107CC000A06990ED120AD0ED210AB0F8900080EE84
:107CD000208A00EE100AB8EE400A30EE480AFFF79C
:107CE00099FF8046A069B0F8900000EE100AB8EE47
:107CF000400A30EE080AFFF78DFF0546A069D0ED77
:107D0000090A90ED231A80EE810AFFF783FF00F441
:107D10007F66102E35D3A06990ED040AD0ED220ABB
:107D2000B0F8920080EE208A00EE100AB8EE400A09
:107D300030EE480AFFF76EFF0746A069B0F89200E0
:107D400000EE100AB8EE400A30EE080AFFF762FFB4
:107D5000CDE90085DFF8508004464FF44005114B13
:107D60002A4641465046FFF771FF50B90020CDE941
:107D700000060E4B4FF0E0720D495046FFF766FFCC
:107D800028B1012002B0BDEC028BBDE8F087CDE93F
:107D90000074084B2A4641464846FFF757FFF1E773
:107DA000F0000020040060080000C07D8000501D2D
:107DB000FFFF170040002019002826D0EFF31082A3
:107DC00072B612490B8803804B8843808B8883806E
:107DD000CB88C3800B8903814B8943818B89838145
:107DE000CB89C3810B8A03824B8A43828B8A83822D
:107DF000CB8AC3828B698361CB69C36191F8201000
:107E000080F82010002A00D162B67047FC090020DB
:107E10000148006B704700005409002010B500288D
:107E200046D0EFF3108272B622490978BFF35F8F14
:107E3000C1EBC103204931F8334001EBC301048099
:107E40004B8843808B88838091ED020A80ED020A83
:107E500091ED030A80ED030A91ED040A80ED040A16
:107E600091ED050A80ED050A91ED060A80ED060AFE
:107E700091ED070A80ED070A0B6A03624B6A4362C1
:107E80008B6A8362CB6AC3620B6B036391F83430F5
:107E900080F8343091F8353080F8353091F836304C
:107EA00080F8363091F8371080F8371082F3108858
:107EB00010BD0000F00000208C090020F0B506463F
:107EC000B148B3B00025058045800E3805803821C3
:107ED00009A8F8F7FFFA3822AC4909A8F8F7C8FA58
:107EE000AB4FBDF824003880BDF826007880BDF87F
:107EF0002800B8809DED0B0A87ED020A9DED0C0A63
:107F000087ED030A9DED0D0A87ED040A9DED0E0A2B
:107F100087ED050A9DED0F0A87ED060A9DED100A13
:107F200087ED070A11983862129878621398B86240
:107F30001498F862159838639DF8580087F8340053
:107F40009DF8590087F835009DF85A0087F83600EB
:107F50009DF85B0087F83700382117A8F8F7BAFAC0
:107F60008A493822383117A8F8F782FA07F138041D
:107F7000BDF85C002080BDF85E006080BDF8600048
:107F8000A0809DED190A84ED020A9DED1A0A84ED88
:107F9000030A9DED1B0A84ED040A9DED1C0A84ED85
:107FA000050A9DED1D0A84ED060A9DED1E0A84ED6D
:107FB000070A1F982062209860622198A062229888
:107FC000E062239820639DF8900084F834009DF8C7
:107FD000910084F835009DF8920084F836009DF8F1
:107FE000930084F83700382125A8F8F773FA674919
:107FF0003822703125A8F8F73BFABDF894002087A5
:10800000BDF896006087BDF89800A0879DED270A0F
:1080100084ED100A9DED280A84ED110A9DED290AD0
:1080200084ED120A9DED2A0A84ED130A9DED2B0AB8
:1080300084ED140A9DED2C0A84ED150A2D98A06597
:108040002E98E0652F982066309860663198A0667B
:108050009DF8C80084F86C009DF8C90084F86D0094
:108060009DF8CA0084F86E009DF8CB0084F86F007C
:10807000454C143C2570C4E9066525629FED450A10
:10808000656284ED0B0A84ED0C0AFF206563607065
:10809000A570E570257124216846F8F71BFA3B4965
:1080A0002422A8316846F8F7E3F907F1A800BDF8E3
:1080B00000100180BDF802104180BDF804108180DD
:1080C000BDF80610C180BDF808100181BDF80A1086
:1080D0004181BDF80C108181BDF80E10C181BDF841
:1080E00010100182BDF812104182BDF81410818277
:1080F000BDF81610C182069981610799C1619DF88A
:10810000201080F82010E5632564656440F6FF7058
:10811000A56420816581A081E58120826582F6EEDB
:10812000000AA6B196ED020AB5EEC00AF1EE10FA09
:108130000DDD96ED0E1AC1EE001A31EEA00ABCEE6E
:10814000C00A10EE100AA062202801D302E0A56246
:108150002020A0626EB196ED0E0A10EE100AB0F16A
:108160007E5F06DB30EE200ABCEEC00A84ED0E0A0C
:1081700002E042F21070A063304600F019FA87F86E
:10818000350033B0F0BD000004010020BCA200089F
:1081900054090020000000002DE9F0419B4DE869E2
:1081A000296A411A02D0022906D807E0A878401CA3
:1081B000C0B2A87003287CD3012016E100269349A1
:1081C000AE70143128620A88914C228049886180FF
:1081D0008E49891D0988A180216A491C216260623B
:1081E000A06A401CA062012784F8347000F07EF978
:1081F000A86900F0DDF9A8B184F8357020884FF443
:108200007F61102808D32088884205D2A0881028D2
:1082100002D3A088884209D3E878082807D2401CF6
:10822000E87004E004F8356FA670E9E0EE7060884D
:10823000884205D32879082803D2401C287100E021
:108240002E71E878082802D22879082801D3042062
:10825000CBE02188A86930F8902F8A1AA18843883A
:1082600050ED030AC91A90F90430534300EE103A56
:10827000B8EEC00A20EE200A84ED020A90F905202B
:1082800050ED020A4A4300EE102AB8EEC00A20EE72
:10829000200A84ED040A618850ED010A00EE101AEC
:1082A000B8EE400A20EE200A84ED070A94ED040A95
:1082B00000E0A9E094ED041AD5ED0B0A40EE010AA6
:1082C000C5ED0B0A94ED021AD4ED021A95ED0C0AD5
:1082D00001EE210A85ED0C0A686B401C6863A96AEF
:1082E00088421CD300EE100AB8EE401A80EE810AD4
:1082F00001F0DFF884ED050A95ED0D0AD5ED0C0AC5
:10830000B8EE401A80EE810A01F0D3F884ED030A3A
:108310009FED400A85ED0B0A85ED0C0A6E63A96995
:10832000686A91ED021AD1ED030A91ED0E0A401C24
:1083300071EE201A71EE600A686280EE212A80EEEA
:10834000201AFCEEC21A11EE903AFCEEC10A10EEB1
:10835000902A521C904201D984F83660D4ED040A68
:10836000DFF8B4E010EE90CAF44502D9FF2068703F
:1083700024E0D4ED040ADFF8A4E010EE90CAF4453E
:108380001CDD95F901C0BCF1000F17DA98420FD33C
:1083900090420DD800EE900AF8EE600A80EE201AA6
:1083A00084ED061AE06A401CE06284F8367003E04F
:1083B000E06A08B184F836606E626F7094ED020A6C
:1083C000D1ED120AB0EEC00AB4EEE00AF1EE10FAF6
:1083D00001DD102009E094ED070AD1ED090AB4EEA1
:1083E000E00AF1EE10FA04DD2020BDE8F04100F0D3
:1083F0006DB8206B10B184F8376001E084F83770F5
:10840000BDE8F04100F014B8BDE8F081F0000020B4
:108410005409002000000000CDCC4CBECDCC4C3E19
:108420000248C169491CC16170470000F00000208A
:1084300030B5244B187880F0010223480588C2EB40
:10844000C20400F1380121F83450458801EBC40121
:108450004D8084888C8090ED020A81ED020A90EDB7
:10846000030A81ED030A90ED040A81ED040A90ED00
:10847000050A81ED050A90ED060A81ED060A90EDE8
:10848000070A81ED070A046A0C62446A4C62846A36
:108490008C62C46ACC62046B0C6390F8344081F83F
:1084A000344090F8354081F8354090F8364081F8F6
:1084B000364090F8370081F83700BFF35F8F1A70AD
:1084C00030BD0000F000002054090020064910B51E
:1084D0000A6B02430A63002081F83700FFF726F891
:1084E000BDE81040FFF7A4BF54090020F0B52E48A6
:1084F0000588848843882D48016C01EB050CC0F881
:1085000040C0416C0F194764816CCE1886640189A4
:108510008D4200D2058141898D4200D945818189F2
:108520008C4200D28481C1898C4200D9C481018AE5
:108530008B4200D20382418A8B4200D94382C26BB4
:10854000521CC263816B8A422DD31749A8310D801A
:10855000BCFBF2F54D8005898D804589CD800C816D
:10856000B7FBF2F44C8184898C81C489CC810B8265
:10857000B6FBF2F34B82038A8B82438ACB82CA61B9
:108580008A69521C8A61012281F820200021C1637E
:108590000164416440F6FF728164028141818281FD
:1085A000C18102824182F0BD54090020F000002008
:1085B00010B5044600F06AF918B1A07808B101209E
:1085C00010BD002010BD00000048704788A30008BF
:1085D000002120B1027822B1012A08D101E03F2018
:1085E0007047427822B1012A02D0022A00D001212C
:1085F000D0ED010AF5EEC00AF1EE10FA26D9994B3A
:1086000082689A4222DB984B9A421FDC90ED030A63
:10861000B5EEC00AF1EE10FA18D990ED0B0AB5EEDE
:10862000C00AF1EE10FA11D990ED0C0AB5EEC00AAD
:10863000F1EE10FA0AD990ED0D0AB5EEC00AF1EE8E
:1086400010FA03D9894B826B9A4201DA41F0020198
:1086500090ED130AB5EEC00AF1EE10FA74D390ED66
:10866000140AB5EEC00AF1EE10FA6DD390ED150ABA
:10867000B5EEC00AF1EE10FA66D990ED160AB5EE25
:10868000C00AF1EE10FA5FD990ED170AB5EEC00AF4
:10869000F1EE10FA58D390ED180AB5EEC00AF1EEDB
:1086A00010FA51D390ED190AB5EEC00AF1EE10FAA6
:1086B0004AD990ED0E1AB4EEC10AF1EE10FA43DC7D
:1086C00090ED021AF1EE001A21EE211AB4EEC10A61
:1086D000F1EE10FA38D990ED1A0AB5EEC00AF1EEB3
:1086E00010FA31D990ED1B0AB5EEC00AF1EE10FA7E
:1086F0002AD990ED1C0AB5EEC00AF1EE10FA23D982
:1087000090ED101AB4EEC10AF1EE10FA1CDA90EDF9
:108710001D0AB5EEC00AF1EE10FA15D990ED1E0A49
:10872000B5EEC00AF1EE10FA0ED9B0F87C30142B79
:108730000AD3B0F87E209A4206D9B0F8803093422E
:1087400002D9B0F882200AB941F0040190ED210A63
:10875000B5EEC00AF1EE10FA17D990ED220AB5EE87
:10876000C00AF1EE10FA10D990ED230AB5EEC00A56
:10877000F1EE10FA09D9B0F890304FF480529342DC
:1087800003D2B0F89230934201D341F0080190F93E
:108790009420012A01D0521C0BD190F99520012A76
:1087A00001D0521C05D190F99620012A03D0521C09
:1087B00001D041F0100190ED040AB4EEE00AF1EEB0
:1087C00010FA4AD990ED070AB5EEC00AF1EE10FA98
:1087D00043D9D0ED060AF4EEC00AF1EE10FA3CD30C
:1087E00090ED050AB4EEE00AF1EE10FA35D9D0EDBD
:1087F000080AF4EEC00AF1EE10FA2ED990ED090A3B
:10880000B4EEE00AF1EE10FA27D990ED0A0AB5EEBF
:10881000C00AF1EE10FA20D990ED0F0AB5EEC00AA9
:10882000F1EE10FA19D910EE102A114B9A4214DC0D
:1088300090ED100AB5EEC00AF1EE10FA0DD9D0EDA8
:10884000110AF5EEC00AF1EE10FA06D9D0ED120ABF
:10885000F4EEC00AF1EE10FA01D841F0200108460A
:10886000704700000000344200005C4200007A447F
:108870003333733F10B50446FFF79AFE10B16078AA
:10888000022801D0002010BD012010BD00B5FFF767
:108890009FFE08B1002000BD012000BD10B50400FE
:1088A0002DED028BB0EE608AF0EE408A32D094F863
:1088B000290070B3B0EE680A00F04CF848B3B0EE8F
:1088C000480A00F047F820B378EEC80A0020C4ED4B
:1088D000040A94ED000A20EE201A84ED051A94EDA6
:1088E000060AD4ED031A84F82800012001EEA00A3C
:1088F000D4ED091A31EE001AF4EEC11AF1EE10FAB5
:108900000DD2F5EEC00AF1EE10FA14D284ED060A8B
:1089100011E0FFE79FED0E0ABDEC028B10BDD4ED18
:10892000081AF4EEC11AF1EE10FA09DDF5EEC00AEC
:10893000F1EE10FAEADCC4ED071A84F8280003E02F
:1089400084ED060A84ED071A94ED070AE4E70000B7
:1089500000000000B4EE400AF1EE10FA0BD110EE68
:10896000100AB0F1FF4F06DA10EE100A10F5000FF2
:1089700001D2012070470020704710B504002DED92
:10898000068BB0EE429AB0EE61AAB0EE418AF0EEEC
:10899000608AF0EE409A2ED02C21F7F79BFDF5EE81
:1089A000C09AF1EE10FA26D3F5EEC08AF1EE10FA75
:1089B00021D3B5EEC08AF1EE10FA1CD9B4EEC9AAE3
:1089C000F1EE10FA17DA88EE880AC4ED009AC4EDC9
:1089D000018A84ED028A84ED08AA84ED099A0120B7
:1089E00084ED030A84F829002046BDEC068BBDE81F
:1089F000104000F04DB8BDEC068B10BD10B5040062
:108A00002DED048BB0EE418AF0EE608AB0EE409A14
:108A10003CD094F82900C0B3B0EE490AFFF79AFFA2
:108A200098B3B0EE680AFFF795FF70B3B0EE480A4E
:108A3000FFF790FF48B3002084F8280094ED090A5E
:108A40000120B4EEC80AF1EE10FA06D394ED080A3C
:108A5000B4EEC80AF1EE10FA03DDB0EE408A84F8F5
:108A6000280039EE680A012084ED040AD4ED000ADA
:108A700020EE800A84ED050A38EE400A84ED060AED
:108A800084ED078ABDEC048B10BDFFE70020F9E7F9
:108A900000280CD000219FED060A80ED040A80ED2D
:108AA000050A80ED060A80ED070A80F82810704755
:108AB0000000000010B504002DED048BF0EE608A7C
:108AC000B0EE408A9FED349A4DD094F84900E0B35F
:108AD000B0EE480A00F062F8B8B3B0EE680A00F0F1
:108AE0005DF890B394ED060AD4ED0A0A78EE688A30
:108AF000002020EE208A94ED050AD4ED0B0A00EE4A
:108B0000288A94ED070A00EE208A94ED080AD4ED35
:108B10000C0A00EE608A94ED090AD4ED0D0A00EE0D
:108B2000608A84ED0E8A84F84800B0EE480A00F0AE
:108B300035F801004FF001001AD094ED110AB4EE9F
:108B4000C80AF1EE10FA08D300E00CE094ED100A28
:108B5000B4EEC80AF1EE10FA0DDD84ED0F0A00BF85
:108B600084F8480009E0B0EE490ABDEC048B10BD62
:108B700084ED0F9AF4E784ED0F8A94ED0A0A84EDF0
:108B80000B0AC4ED0A8A94ED0C0A84ED0D0A94EDEB
:108B90000F0A84ED0C0AE8E700000000B4EE400A7A
:108BA000F1EE10FA0BD110EE100AB0F1FF4F06DA19
:108BB00010EE100A10F5000F01D2012070470020BE
:108BC0007047000010B504002DED088BF0EE43AAAD
:108BD000B0EE62BAF0EE429AB0EE618AB0EE419A1F
:108BE000B0EE60AAF0EE408A72D04C21F7F772FC2A
:108BF000B5EEC09AF1EE10FA6AD9B5EEC08AF1EE80
:108C000010FA65D9F5EEC09AF1EE10FA60D9B4EE1B
:108C1000EABAF1EE10FA5BDAF7EE000AB1EE002ADA
:108C200080EEA90ADFED2C0A6AEE022AC4ED008A62
:108C300069EE200A84ED01AA62EE882A84ED029A88
:108C400084ED038AC4ED049A84ED10BAC4ED11AA30
:108C5000012020EE001A20EE023A21EE201A61EEE9
:108C6000201AF0EE420A43EE080A30EEA11A68EE2E
:108C7000810A42EE800AC0EE813AF2EE000AC4EDAB
:108C8000053AF0EE003A51EEA30A43EE481A60EEC0
:108C9000A83A71EE821A83EE814A21EEA82A02EEEA
:108CA000C02A82EE010A84ED064A84ED070A80EEAE
:108CB000810A84ED080A81EE810A84ED090A84F8AC
:108CC00049002046BDEC088BBDE8104000F006B816
:108CD000BDEC088B10BD0000DB0FC940002810D090
:108CE00000219FED080A80ED0A0A80ED0B0A80ED55
:108CF0000C0A80ED0D0A80ED0E0A80ED0F0A80F857
:108D000048107047000000007047000070B52D4CFF
:108D100000252DED028B6068E8B3B4EE400AF1EE59
:108D200010FA44D1F0EE400A10EE901AB1F1FF4F64
:108D30003DDAF0EE400A10EE901A11F5000F36D22F
:108D4000A570D0ED0F0AB0EE408A0126F4EEC80AF5
:108D5000F1EE10FA02D2B0EE608A08E0B1EE600ADD
:108D6000B4EEC80AF1EE10FA02DDB0EE408AA67049
:108D7000B7EE001AB6EE000A31EE482ADFED121AFD
:108D8000F0EE400A42EE210AFCEEE00A10EE900AF4
:108D900078EE010A00E00AE000EEA10A80B2BCEE23
:108DA000C00A10EE101A89B2FEF7D2FB20B165702E
:108DB0000120BDEC028B70BD84ED058A6670002039
:108DC000F7E700003C01002000D0844610B544F2D3
:108DD00068200146FEF7BCFB0549002208B14A7035
:108DE00010BD9FED040A81ED050A8A7010BD0000D8
:108DF0003C01002000000000014890ED050A70478A
:108E00003C01002010B5054C606000F00FF8607860
:108E100008B1002010BD012010BD00003C01002061
:108E200001488078704700003C01002070B50D4C6F
:108E30009FED0B0A002584ED020A84ED030A84ED00
:108E4000040A84ED050AA5612570A570606800B16B
:108E500001206070FFF7BAFF002800D0657070BD78
:108E6000000000003C0100207047FAF75DBA10B521
:108E700094B038216846F7F72DFB14210EA8F7F7B8
:108E800029FB0020FAF7E2FA092000904FF4803025
:108E900001900120059002200324CDE9070455210B
:108EA000CDE909010B900C900D906846FAF716FE7B
:108EB00058B90F20CDE90E040020109011901290A7
:108EC00004210EA8FAF7AEFC08B1F7F721FFFAF774
:108ED00097FD14B010BD00000248016841F4700114
:108EE0000160704788ED00E030B5416EB9B10268AD
:108EF00091689268C1F342610B4B520F9C5CE50094
:108F000003F10804A25CB5FBF2F2A0F86A205A5CF7
:108F1000615CD200B2FBF1F1A0F8681030BD012114
:108F2000A0F86A10F8E7000038A4000890F82810AC
:108F3000090706D501684A68836B22F400421A4388
:108F40004A6090F82810C90706D001684A68C36AC9
:108F500022F400321A434A6090F82810890706D597
:108F600001684A68036B22F480321A434A6090F821
:108F70002810490706D501684A68436B22F480220D
:108F80001A434A6090F82810C90606D501688A6815
:108F9000C36B22F480521A438A6090F82810890625
:108FA00006D501688A68036C22F400521A438A606D
:108FB00090F82810490611D501684A68436C22F4DC
:108FC00080121A434A60416CB1F5801F06D10168D6
:108FD0004A68836C22F4C0021A434A6090F8281051
:108FE000090606D501684A68C06C22F400220243D3
:108FF0004A6070472DE9F84300260446C0F89060A7
:10900000F9F776FA8046206800684FF020050007DF
:109010006FF07E4713D5434600222904204600976F
:1090200000F0B4F958B1216851E8000F20F0800039
:1090300041E80002002AF6D1C4F8885021E02068F7
:109040000068400722D5434600224FF480012046A5
:10905000009700F09BF9C8B1216851E8000F20F497
:10906000907041E80002002AF6D12068083050E8EC
:10907000001F21F0010140E80012002AF5D1C4F8D8
:109080008C5084F884600320BDE8F883C4F88850CD
:10909000C4F88C5044F86C6F666026760020F3E7C5
:1090A00010B5026852E8001F21F4907142E80013E5
:1090B000002BF6D10E4B0268083252E8001F19400F
:1090C00042E80014002CF6D1C16E012908D10168D4
:1090D00051E8002F22F0100241E80023002BF6D1C6
:1090E0002021C0F88C100021C166416710BD00002E
:1090F000FEFFFFEF2DE9F041044601688068226918
:10910000E3691043626900251A431043DFF84CC23B
:109110000A68934B1A4002430A6020684168E2687B
:1091200021F44051114341602168A069614501D09B
:10913000226A10438A688B4B1A4002438A60206877
:10914000C16A626A21F00F011143C1628649236836
:1091500086488B420DD1D0F8880010F0030006D06D
:10916000012867D0022854D0032851D164E001209F
:109170004FE07F498B420BD1D0F8880010F00C00F3
:1091800047D0042845D0082852D00C2840D153E0BD
:1091900078498B420BD1D0F8880010F0300038D0DD
:1091A000102847D0202843D0302831D144E07249DC
:1091B0008B420BD1D0F8880010F0C00029D0402895
:1091C00038D0802834D0C02822D135E06B498B427A
:1091D0000ED1D0F8880010F440701AD0B0F5807F1E
:1091E00028D0B0F5007F23D0B0F5407F10D123E028
:1091F00063450DD1D0F8880010F4406009D0B0F577
:10920000806F17D0B0F5006F12D0B0F5406F13D05B
:1092100010205B4A5B4F00264FF40041634539D173
:1092200060B102280DD004280DD0082831D10EE0FD
:109230000220EEE70420ECE70820EAE7FAF7E8FB73
:1092400003E0114603E0FAF707FC01007BD0606AF7
:1092500037F810206768B1FBF2F007EB4703834251
:1092600069D8B0EB073F66D8002308461946F7F7E0
:1092700043F8090241EA10610202780810187141AE
:109280003A460023F7F738F83F4AA0F5407191427B
:1092900057D950E0E3694FF6EF788B422BD109287C
:1092A00049D2DFE800F005080D48254848480E007F
:1092B000FAF7AEFB01E0FAF7BDFB010001D142E095
:1092C0001146606A37F81000B1FBF0F041006068A9
:1092D00001EB5001B1FBF0F1A1F1100040452AD89B
:1092E0004FF6F07201EA0200C1F34201084328E0A0
:1092F000FAF7B2FBE1E709281DD2DFE800F0050824
:109300000D1C1E1C1C1C0E00FAF782FB01E0FAF774
:1093100091FB010001D116E01146606A37F8100098
:10932000B1FBF0F1606801EB5001B1FBF0F0A0F18E
:109330001001414504D9012505E0FAF78DFBE8E766
:1093400080B22168C8600120A4F86A0024F8680F80
:109350002846E6602661BDE8F081000000800040FC
:10936000F369FFCFFFF4FF11003801400010024005
:109370000044004000480040004C004000500040C5
:109380000024F40020A40008FFFC0F002DE9F047A2
:10939000994617460D4604464FF00008089E33E0F4
:1093A000701C31D0F9F7A4F8A0EB0900B04218D82E
:1093B000BEB120680168490726D5802D24D0402DF4
:1093C00022D0C169C94309070DD40825056220468A
:1093D000FFF766FEC4F8905084F884800120BDE851
:1093E000F0870320FBE7C069C04300050CD4216867
:1093F0004FF4006008622046FFF752FE2020C4F8B8
:10940000900084F88480ECE72068C06935EA0000A9
:1094100004D00020B842C3D00020E0E70120F9E7E3
:109420004FF480610820FEF7E5FBFEE770B505000C
:1094300003D011B10AB1082A01D9012070BD9400EE
:10944000261D22460748F6F7CEFF06480649204467
:109450003246096801602846BDE870400223014990
:10946000FAF730BE18080020709C0008410008027E
:1094700018BF04200A0E18BF40F001004FF07F42D1
:1094800032EA010108BF40F00200012808BF0520B0
:1094900070470907090E002804DB00F1E02080F87E
:1094A0000014704700F00F0000F1E02080F8141D58
:1094B000704710B52DED028BB1EEC08A18EE100A80
:1094C00020F00040C0F1FF40C00F0AD010EE100A9B
:1094D00020F00040C0F1FF40C00F04BF0120F7F7AB
:1094E00028F8B0EE480ABDEC028B10BD00B510EEB6
:1094F000101A2DED028B81B04D4A6846B2EB410F38
:109500003CD94FF0E640B0EB410F94BF00204FF044
:10951000FF3000900098B0EE408A00285FDB28EE14
:10952000080ADFED440A9FED441A00EE201ADFED31
:10953000430A40EE010A9FED421A00EE201ADFEDC9
:10954000410A10F0010F40EE010A9FED3F1A00EEB4
:10955000201A61EE000AB0EE480A08EE200A02BFA7
:1095600001B0BDEC028B00BDBFEE001A01B0C1EE30
:10957000000ABDEC028BB0EE600A00BD334B21F057
:109580000042934228D911F0004FDFED310A20EE5E
:10959000201ADFED300A19BF31EE601A71EE200A91
:1095A00031EE201A71EE600ABDEEE01A11EE100ADB
:1095B0009FED291A00F0030000EEC10A9FED271A63
:1095C000009000EEC10A9FED261A00EEC10A9FED41
:1095D000251A00EEC10A9DE700F05AF89AE718EE46
:1095E000100A4000B0F17F4F0DD218EE100AFFF7BD
:1095F0003DFF042808BF00F043F8B0EE480A01B070
:10960000BDEC028B00BD09D10120F6F792FF01B03D
:10961000BDEC028B5DF804EB00F02AB801B0B0EEAF
:10962000480ABDEC028B5DF804EB00F01DB80000A9
:10963000B61F927EBBE9223C0C6D063B8A76CE3C7F
:10964000ACB5593D35A1083E29AAAA3E490E494666
:1096500083F9223F0000004B0000C93F00A0FD3904
:109660000020A2331A61342C30EE000A704700004B
:10967000DFED020A80EEA00A704700000000000043
:109680009FED020A20EE000A704700000000001063
:109690002DE9F0014FF07F42B2EB410F9FBF4FF039
:1096A000FF310160BDE8F00170474FF0004242EA2F
:1096B0000123C1F3C752783A551112F01F0C434CE5
:1096C000CCF120067C44C1F3C752A2F178024FEAE4
:1096D000621204EB820254F8254008BFD2E9015619
:1096E00012D0556804FA0CF425FA06F73C43976843
:1096F00005FA0CF527FA06F8D26807FA0CFCF240D6
:1097000045EA08054CEA0206A4FB034CA5FB0352FC
:10971000A6FB03631D449D4234BF01260026131996
:10972000334416B1934202D903E0934201D201229D
:1097300000E00022624402F1200C9206DC0C42EAB6
:10974000443200EE102A5B03DFED210AF8EEC01A66
:1097500000EE103A4FEA9C1C11F0004FB8EE400AA0
:10976000C0F800C020EE201A00EE105ADFED190AF2
:10977000B8EE400A20EE200A71EE810A70EE800AEF
:1097800010EE902A02F500626FF30B0200EE902AB1
:1097900070EEE11A31EEC11ADFED101A30EE411A07
:1097A0009FED0D0A20EE800A01EE210A9FED0C1AB2
:1097B00000EE810A04BFBDE8F0017047CCF1805192
:1097C0000160BDE8F001B1EE400A7047980D00005D
:1097D000000000360000802C22AAFD29DB0FC92FD3
:1097E0000000C92FAA2148430521B0FBF1F003E096
:1097F00000BF00BF00BF00BF401EF9D2704700008D
:10980000B6B0F9F799FDFFF732FBFCF71DFCFCF74A
:10981000D5FBFCF787FCFCF76FF9FCF7F3F9FCF7D5
:109820004FFAFCF7D3FAFCF74DFBFCF7D1FEFDF73E
:10983000FBFEFEF7C9FE954CE060954850F8941F7A
:10984000C1F340716170016841F40001016064205E
:10985000F8F718FDFCF752FF01218EA20846FDF72C
:1098600028F890A201210220FDF723F891A20121FE
:109870000320FDF71EF893A201210420FDF719F83B
:109880006178E068FDF7D2FF10B100BFF7F740FA4A
:109890007F219048F7F748FA98B97F218E48F7F76B
:1098A00043FA70B97F218D48F7F73EFA48B97F2116
:1098B0008B48F7F739FA20B97F218A48F7F734FA4D
:1098C00018B102221146202081E085498548FEF723
:1098D000E5F918B100228021012078E07D4A7E4917
:1098E0007E48FBF78DF818B18022002102206EE03F
:1098F00002227D497748F8F729FBB8B902227B4953
:109900007548F8F723FB88B9022279497348F8F7BC
:109910001DFB58B9012277497148F8F717FB28B9A0
:10992000022275496F48F8F711FB10B10222114667
:109930004CE06848406D0068016821F00401016056
:109940006548406D0068016821F0040101606348CA
:10995000406D0068016821F0040101606048406DBD
:109960000068016821F0040101605E48406D0068F4
:10997000016821F004010160FDF7DEFF18B1082243
:109980001146102023E0F8F7B3FD054602E0012060
:10999000F8F778FCFDF7ACFF20B9F8F7A9FD401BFC
:1099A000C828F4D3FDF7A4FF70B1FCF7F9FDF8F770
:1099B0009FFD0546F8F79CFD8046F8F799FD0746A0
:1099C000F8F796FD064608E0012211460820FEF74A
:1099D000A7F85BE76D1CFDF7BDFFF8F789FDA8420E
:1099E000F8D1F8F785FDA0EB08000A281DD3F8F799
:1099F0007FFD804611A8FEF711FA2CA8FEF7DCF9CE
:109A00006846FBF72FF91FA8FDF7B0FE1FAB6A46AB
:109A10002CA911A8FBF774FE082238493848FFF733
:109A200005FD38B3A068401CA060F8F761FDC01BBD
:109A3000642810D3F8F75CFD074611A8FEF7EEF98D
:109A40006846FBF70FF91FA8FDF790FE1FAA6946AD
:109A500011A8FBF7B5FFF8F74BFD801B6428BCD3BA
:109A6000F8F746FD0646FEF77BF838B12548F9F7CA
:109A700054FCB2E76068401C6060D6E74FF40072A7
:109A800001210820FEF74CF8A7E7000000000020A5
:109A900000100240503A2020202020493A20202067
:109AA00020200000423A2020202020553A2020206B
:109AB00020200000533A2020202020443A2020205B
:109AC00020200000463A2020202020483A20202054
:109AD0002020000038030020CC020020600200207B
:109AE000F40100208801002028000020240000202C
:109AF00020000020F6000020040100206801002062
:109B000090060020800600204FF04070E1EE100A21
:109B10007047000000000000B00AC93C2FFB483D20
:109B200005A9963D36BDC83D73B2FA3D8340163E49
:109B3000A2102F3EC2C5473E135C603ECCCF783E9C
:109B4000938E883E31A0943EE59AA03ED47CAC3EF4
:109B50002A44B83E15EFC33ECA7BCF3E80E8DA3ECA
:109B60007533E63EEA5AF13E275DFC3E3D9C033FDD
:109B70009BF5083FDA390E3F2A68133FC07F183F34
:109B8000D17F1D3F9967223F5636273F4AEB2B3F37
:109B9000BB85303FF304353F4268393FF9AE3D3F66
:109BA00070D8413F03E4453F12D1493F029F4D3FEA
:109BB0003D4D513F31DB543F5348583F1A945B3F72
:109BC00005BE5E3F98C5613F59AA643FD86B673FA9
:109BD000A7096A3F5E836C3F9ED86E3F0809713FBC
:109BE0004714733F0BFA743F07BA763FF853783F38
:109BF0009DC7793FBE147B3F283B7C3FAC3A7D3FFD
:109C000024137E3F6DC47E3F6D4E7F3F0FB17F3F7B
:109C100043EC7F3F0000803F000000000000000098
:109C20000000000000000000000000000000000034
:109C30000000000000000000000000000000000024
:109C40000000000000000000000000000000000014
:109C50000000000000000000000000000000000004
:109C600000000000000000000000000000000000F4
:109C70000000807F000000000000000000000000E5
:109C800000000000000000F80000000000000033A9
:109C90003000000000100C06100C06000000000050
:109CA0000000000040C07840C0784000043F040439
:109CB0003F040400007088FC08300000001820FFFA
:109CC000211E0000F008F000E018000000211C0335
:109CD0001E211E0000F00888700000001E212324B1
:109CE0001927211010160E000000000000000000CF
:109CF00000000000000000E018040200000000075F
:109D00001820400000020418E00000000040201865
:109D100007000000404080F0804040000202010F38
:109D200001020200000000F0000000000101011F1C
:109D300001010100000000000000000080B0700080
:109D40000000000000000000000000000001010110
:109D5000010101010000000000000000003030009F
:109D60000000000000000000806018040060180679
:109D70000100000000E010080810E000000F1020B3
:109D800020100F00001010F8000000000020203FFD
:109D90002020000000700808088870000030282487
:109DA0002221300000300888884830000018202028
:109DB00020110E000000C02010F80000000704244D
:109DC000243F240000F80888880808000019212092
:109DD00020110E0000E0108888180000000F1120EC
:109DE00020110E0000380808C83808000000003FA5
:109DF000000000000070880808887000001C222104
:109E000021221C0000E010080810E00000003122B0
:109E100022110F00000000C0C00000000000003050
:109E200030000000000000800000000000008060A2
:109E30000000000000008040201008000001020423
:109E4000081020004040404040404000040404040A
:109E500004040400000810204080000000201008C6
:109E600004020100007048080808F00000000030FB
:109E700036010000C030C828E810E0000718272489
:109E800023140B000000C038E0000000203C230237
:109E90000227382008F8888888700000203F20209A
:109EA00020110E00C03008080808380007182020CC
:109EB0002010080008F808080810E000203F2020C3
:109EC00020100F0008F88888E8081000203F2020A4
:109ED0002320180008F88888E8081000203F200098
:109EE00003000000C03008080838000007182020D0
:109EF000221E020008F808000008F808203F21018F
:109F000001213F20000808F8080800000020203F39
:109F10002020000000000808F8080800C0808080A9
:109F20007F00000008F888C028180800203F2001A2
:109F30002638200008F8080000000000203F2020FC
:109F40002020300008F8F800F8F80800203F003F13
:109F5000003F200008F830C00008F808203F20002B
:109F600007183F00E01008080810E0000F1020203C
:109F700020100F0008F808080808F000203F210111
:109F800001010000E01008080810E0000F18242468
:109F900038504F0008F8888888887000203F2000DB
:109FA000030C302000708808080838000038202191
:109FB00021221C00180808F8080818000000203F9B
:109FC0002000000008F808000008F808001F202002
:109FD00020201F000878880000C8380800000738D3
:109FE0000E010000F80800F80008F800033C070024
:109FF000073C0300081868808068180820302C038C
:10A00000032C30200838C800C83808000000203F62
:10A010002000000010080808C83808002038262151
:10A0200020201800000000FE020202000000007F55
:10A0300040404000000C30C0000000000000000163
:10A040000638C00000020202FE000000004040404E
:10A050007F00000000000402020204000000000073
:10A0600000000000000000000000000080808080F0
:10A0700080808080000202040000000000000000D8
:10A080000000000000008080808000000019242271
:10A0900022223F2008F8008080000000003F1120AD
:10A0A00020110E000000008080800000000E1120B2
:10A0B00020201100000000808088F800000E112090
:10A0C00020103F200000808080800000001F22229E
:10A0D00022221300008080F0888888180020203F0A
:10A0E000202000000000808080808000006B94941D
:10A0F0009493600008F8008080800000203F2100D9
:10A1000000203F2000809898000000000020203FA1
:10A1100020200000000000809898000000C080808F
:10A12000807F000008F8000080808000203F24022B
:10A130002D302000000808F8000000000020203F1B
:10A14000202000008080808080808000203F2000D0
:10A150003F20003F8080008080800000203F210061
:10A1600000203F200000808080800000001F202011
:10A1700020201F00808000808000000080FFA12040
:10A1800020110E000000008080808000000E112051
:10A1900020A0FF80808080008080800020203F21E0
:10A1A0002000010000008080808080000033242493
:10A1B00024241900008080E0808000000000001F3F
:10A1C000202000008080000000808000001F2020F0
:10A1D00020103F20808080000080808000010E30B1
:10A1E0000806010080800080008080800F300C0312
:10A1F0000C300F0000808000808080000020312E15
:10A200000E312000808080000080808080818E70F0
:10A210001806010000808080808080000021302CA2
:10A220002221300000000000807C020200000000BB
:10A23000003F404000000000FF0000000000000060
:10A24000FF0000000002027C800000000040403F50
:10A2500000000000000601010202040400000000EA
:10A2600000000000010000010001200000080008BB
:10A2700000080008000800086F12833A6F12833A42
:10A280006F12833A0AD7233C0AD7233C0AD7233CD0
:10A2900001010101010100000000803F02001000E7
:10A2A000EF0F08000000A040000020403C0000002C
:10A2B0006666663FE803000010270000000000000B
:10A2C000000000000000000000000000000000008E
:10A2D000000000000000000000000000000000007E
:10A2E000000000000000000000000000000000006E
:10A2F000000000000000000000000000000000005E
:10A30000000000000000000000000000000000004D
:10A31000000000000000000000000000000000003D
:10A32000000000000000000000000000000000002D
:10A33000000000000000000000000000000000001D
:10A34000000000000000000000000000000000000D
:10A3500000000000000000000000000000000000FD
:10A3600000000000000000000000000000000000ED
:10A3700000000000000000000000000000000000DD
:10A380000000000000000000000000000000A040ED
:10A390000000484200004040000008410000104119
:10A3A0000000A04000008040CDCC1C4100002841AE
:10A3B0000000003F0000F041556AF63975029A3BF3
:10A3C00000401C466666663FCDCC4C3F0000003F17
:10A3D0009A99993F0000003F0000A0400000A04073
:10A3E00000004040CDCC4C3D0000803F00007A444E
:10A3F000000048420000803FCDCC4C3E0000A04011
:10A400009A99193E3C00F401401FC8006F12833A2C
:10A410000AD7233C0AD7233C0008000801010100A9
:10A42000010002000400060008000A000C001000F1
:10A43000200040008000000101010103070100002D
:10A4400008040204080101010000000000000000EF
:10A4500001020304060708090000000001020304CA
:10A46000000000006E83F9A22915444ED15727FC45
:10A47000C0DD34F5999562DB4190433CAB6351FEFE
:10A48000A0A40008000000206801000014020008D9
:10A49000B8A4000868010020180F0000700200082E
:10A4A00001E4C2C85AFF078A0F040124032E1027B3
:08A4B000321082011324F400B4
:04000005080001D915
:00000001FF
